FullName,TopResultName,TopResultLink,TopResultName2,TopResultLink2,Surname,Expert_Checked,SelectedName,SelectedLink,Type,TopResultName_LastStr,TopResultName2_LastStr
Harold Abbott,Hal D. Abbott,https://www.austlit.edu.au/austlit/page/A48352,Dal Stivens,https://www.austlit.edu.au/austlit/page/A22934,Abbott,TRUE,Hal D. Abbott,https://www.austlit.edu.au/austlit/page/A48352,Exact match,Abbott,Stivens
Ian Abdulla,Ian Abdulla,https://www.austlit.edu.au/austlit/page/A48552,Ian Abdulla,https://www.austlit.edu.au/austlit/page/A48552,Abdulla,TRUE,Ian Abdulla,https://www.austlit.edu.au/austlit/page/A48552,Exact match,Abdulla,Abdulla
Thelma Afford,Thelma Afford,https://www.austlit.edu.au/austlit/page/A65108,Thelma Afford,https://www.austlit.edu.au/austlit/page/A65108,Afford,TRUE,Thelma Afford,https://www.austlit.edu.au/austlit/page/A65108,Exact match,Afford,Afford
Vernon Ah Kee,Vernon Ah Kee,https://www.austlit.edu.au/austlit/page/11339149,Vernon Ah Kee,https://www.austlit.edu.au/austlit/page/11339149,Ah Kee,TRUE,Vernon Ah Kee,https://www.austlit.edu.au/austlit/page/11339149,Exact match,Kee,Kee
Ruth Drummond Ainsworth,No Result Found,,No Result Found,,Ainsworth,TRUE,No Result Found,,No match,Found,Found
Tony Albert,Tony Albert,https://www.austlit.edu.au/austlit/page/11501066,Tony Albert,https://www.austlit.edu.au/austlit/page/11501066,Albert,TRUE,Tony Albert,https://www.austlit.edu.au/austlit/page/11501066,Exact match,Albert,Albert
Brook Andrew,agent,https://www.austlit.edu.au/austlit/page/8538325,agent,https://www.austlit.edu.au/austlit/page/8538325,Andrew,TRUE,agent,https://www.austlit.edu.au/austlit/page/8538325,"No match, but related record",agent,agent
John Andrews,John Andrew La Nauze,https://www.austlit.edu.au/austlit/page/A6787,John Andrew La Nauze,https://www.austlit.edu.au/austlit/page/A6787,Andrews,TRUE,John Andrew La Nauze,https://www.austlit.edu.au/austlit/page/A6787,"No match, but related record",Nauze,Nauze
Douglas Annand,Geoffrey Lehmann,https://www.austlit.edu.au/austlit/page/A1555,Douglas Annand,https://www.austlit.edu.au/austlit/page/A104770,Annand,TRUE,Douglas Annand,https://www.austlit.edu.au/austlit/page/A104770,Exact match,Lehmann,Annand
Michael Anning,Michael (Boiyool) Anning,https://www.austlit.edu.au/austlit/page/A67138,Michael (Boiyool) Anning,https://www.austlit.edu.au/austlit/page/A67138,Anning,TRUE,Michael (Boiyool) Anning,https://www.austlit.edu.au/austlit/page/A67138,Exact match,Anning,Anning
Jean Appleton,Reg Johnston,https://www.austlit.edu.au/austlit/page/14790572,No Result Found,,Appleton,TRUE,,,"No match, but related record",Johnston,Found
Howard Arkley,Howard Arkley,https://www.austlit.edu.au/austlit/page/A75900,Howard Arkley,https://www.austlit.edu.au/austlit/page/A75900,Arkley,TRUE,Howard Arkley,https://www.austlit.edu.au/austlit/page/A75900,Exact match,Arkley,Arkley
John Armstrong,John Armstrong,https://www.austlit.edu.au/austlit/page/A126923,John Armstrong,https://www.austlit.edu.au/austlit/page/A126923,Armstrong,TRUE,John Armstrong,https://www.austlit.edu.au/austlit/page/A126923,Exact match,Armstrong,Armstrong
Tom Arthur,R. H. Croll,https://www.austlit.edu.au/austlit/page/A15951,T. A. G. Hungerford,https://www.austlit.edu.au/austlit/page/A28123,Arthur,TRUE,,,"No match, but related record",Croll,Hungerford
David Aspden,Robert Adamson,https://www.austlit.edu.au/austlit/page/A29014,David Aspden,https://www.austlit.edu.au/austlit/page/6808722,Aspden,TRUE,David Aspden,https://www.austlit.edu.au/austlit/page/6808722,Exact match,Adamson,Aspden
Michael Atira-Atira,No Result Found,,No Result Found,,Atira-Atira,TRUE,No Result Found,,No match,Found,Found
Sam Atyeo,Peta Tait,https://www.austlit.edu.au/austlit/page/A2372,No Result Found,,Atyeo,TRUE,,,"No match, but related record",Tait,Found
Yvonne Audette,No Result Found,,No Result Found,,Audette,TRUE,No Result Found,,No match,Found,Found
Belinda Nakamarra Baker,No Result Found,,No Result Found,,Baker,TRUE,No Result Found,,No match,Found,Found
George Joseph Victor Baldessin,No Result Found,,No Result Found,,Baldessin,TRUE,No Result Found,,No match,Found,Found
Sydney Ball,John Dunmore Lang,https://www.austlit.edu.au/austlit/page/A8742,David Williamson,https://www.austlit.edu.au/austlit/page/A21523,Ball,TRUE,,,"No match, but related record",Lang,Williamson
Jonas Balsaitis,No Result Found,,No Result Found,,Balsaitis,TRUE,No Result Found,,No match,Found,Found
Bronwyn Bancroft,Bronwyn Bancroft,https://www.austlit.edu.au/austlit/page/A51352,Bronwyn Bancroft,https://www.austlit.edu.au/austlit/page/A51352,Bancroft,TRUE,Bronwyn Bancroft,https://www.austlit.edu.au/austlit/page/A51352,Exact match,Bancroft,Bancroft
Glenn Barkley,Glenn Barkley,https://www.austlit.edu.au/austlit/page/A130489,Glenn Barkley,https://www.austlit.edu.au/austlit/page/A130489,Barkley,TRUE,Glenn Barkley,https://www.austlit.edu.au/austlit/page/A130489,Exact match,Barkley,Barkley
Del Kathryn Barton,Del Kathryn Barton,https://www.austlit.edu.au/austlit/page/13008249,Del Kathryn Barton,https://www.austlit.edu.au/austlit/page/13008249,Barton,TRUE,Del Kathryn Barton,https://www.austlit.edu.au/austlit/page/13008249,Exact match,Barton,Barton
Tom Bass,Tom Bass,https://www.austlit.edu.au/austlit/page/A62049,Tom Bass,https://www.austlit.edu.au/austlit/page/A62049,Bass,TRUE,Tom Bass,https://www.austlit.edu.au/austlit/page/A62049,Exact match,Bass,Bass
Joan Janet Bayliss,No Result Found,,No Result Found,,Bayliss,TRUE,No Result Found,,No match,Found,Found
Margaret Checkley Beatty,No Result Found,,No Result Found,,Beatty,TRUE,No Result Found,,No match,Found,Found
Richard Beck,Richard Beck,https://www.austlit.edu.au/austlit/page/A74289,Richard Beck,https://www.austlit.edu.au/austlit/page/A74289,Beck,TRUE,Richard Beck,https://www.austlit.edu.au/austlit/page/A74289,Exact match,Beck,Beck
Zanny Begg,No Result Found,,No Result Found,,Begg,TRUE,No Result Found,,No match,Found,Found
George W. Bell,George W. Bell,https://www.austlit.edu.au/austlit/page/A14659,George W. Bell,https://www.austlit.edu.au/austlit/page/A14659,Bell,TRUE,George W. Bell,https://www.austlit.edu.au/austlit/page/A14659,Exact match,Bell,Bell
Richard Bell,Richard Bell,https://www.austlit.edu.au/austlit/page/5994271,Richard Bell,https://www.austlit.edu.au/austlit/page/5994271,Bell,TRUE,Richard Bell,https://www.austlit.edu.au/austlit/page/5994271,Exact match,Bell,Bell
Jean Mary Bellette,Jean Bellette,https://www.austlit.edu.au/austlit/page/A141329,Jean Bellette,https://www.austlit.edu.au/austlit/page/A141329,Bellette,TRUE,Jean Bellette,https://www.austlit.edu.au/austlit/page/A141329,Exact match,Bellette,Bellette
Gordon Bennett,Gordon Bennett,https://www.austlit.edu.au/austlit/page/A33194,Gordon Bennett,https://www.austlit.edu.au/austlit/page/A33194,Bennett,TRUE,Gordon Bennett,https://www.austlit.edu.au/austlit/page/A33194,Exact match,Bennett,Bennett
Lauren Berkowitz,No Result Found,,No Result Found,,Berkowitz,TRUE,No Result Found,,No match,Found,Found
Kate Beynon,No Result Found,,No Result Found,,Beynon,TRUE,No Result Found,,No match,Found,Found
Annette Bezor,Kim Waters,https://www.austlit.edu.au/austlit/page/A67991,No Result Found,,Bezor,TRUE,,,"No match, but related record",Waters,Found
Vivienne Binns,Peter Hicks,https://www.austlit.edu.au/austlit/page/A7544,No Result Found,,Binns,TRUE,,,"No match, but related record",Hicks,Found
Ada Petyarre Bird,No Result Found,,No Result Found,,Bird,TRUE,No Result Found,,No match,Found,Found
Olive Bishop,Horace A. Hall,https://www.austlit.edu.au/austlit/page/A47614,W. N. Willis,https://www.austlit.edu.au/austlit/page/A43136,Bishop,TRUE,,,"No match, but related record",Hall,Willis
Mervyn Bishop,Mervyn Bishop,https://www.austlit.edu.au/austlit/page/A65192,Mervyn Bishop,https://www.austlit.edu.au/austlit/page/A65192,Bishop,TRUE,Mervyn Bishop,https://www.austlit.edu.au/austlit/page/A65192,Exact match,Bishop,Bishop
Wendy Black,Wendy Chungulla,https://www.austlit.edu.au/austlit/page/9449784,Wendy Scarfe,https://www.austlit.edu.au/austlit/page/A1373,Black,TRUE,,,"No match, but related record",Chungulla,Scarfe
Charles Blackman,Charles Blackman,https://www.austlit.edu.au/austlit/page/A21497,Charles Blackman,https://www.austlit.edu.au/austlit/page/A21497,Blackman,TRUE,Charles Blackman,https://www.austlit.edu.au/austlit/page/A21497,Exact match,Blackman,Blackman
Peter Booth,Peter Booth,https://www.austlit.edu.au/austlit/page/A61696,Peter Booth,https://www.austlit.edu.au/austlit/page/A61696,Booth,TRUE,Peter Booth,https://www.austlit.edu.au/austlit/page/A61696,Exact match,Booth,Booth
Susie Napangati Bootja Bootja,No Result Found,,No Result Found,,Bootja Bootja,TRUE,No Result Found,,No match,Found,Found
Marion Borgelt,No Result Found,,No Result Found,,Borgelt,TRUE,No Result Found,,No match,Found,Found
Euphemia Bostock,Euphemia Bostock,https://www.austlit.edu.au/austlit/page/A109106,Euphemia Bostock,https://www.austlit.edu.au/austlit/page/A109106,Bostock,TRUE,Euphemia Bostock,https://www.austlit.edu.au/austlit/page/A109106,Exact match,Bostock,Bostock
Ace Bourke,Garry Helm,https://www.austlit.edu.au/austlit/page/A81703,No Result Found,,Bourke,TRUE,,,"No match, but related record",Helm,Found
Dean Bowen,Dean Bowen,https://www.austlit.edu.au/austlit/page/A142215,Dean Bowen,https://www.austlit.edu.au/austlit/page/A142215,Bowen,TRUE,Dean Bowen,https://www.austlit.edu.au/austlit/page/A142215,Exact match,Bowen,Bowen
Robin (Gerard Penleigh) Boyd,Robin Boyd,https://www.austlit.edu.au/austlit/page/A61829,Robin Boyd,https://www.austlit.edu.au/austlit/page/A61829,Boyd,TRUE,Robin Boyd,https://www.austlit.edu.au/austlit/page/A61829,Exact match,Boyd,Boyd
Arthur Boyd,Arthur Boyd,https://www.austlit.edu.au/austlit/page/A59543,Arthur Boyd,https://www.austlit.edu.au/austlit/page/A59543,Boyd,TRUE,Arthur Boyd,https://www.austlit.edu.au/austlit/page/A59543,Exact match,Boyd,Boyd
Guy Boyd,Guy Boyd,https://www.austlit.edu.au/austlit/page/A63905,Guy Boyd,https://www.austlit.edu.au/austlit/page/A63905,Boyd,TRUE,Guy Boyd,https://www.austlit.edu.au/austlit/page/A63905,Exact match,Boyd,Boyd
Robert Boynes,Kate Llewellyn,https://www.austlit.edu.au/austlit/page/A25617,No Result Found,,Boynes,TRUE,,,"No match, but related record",Llewellyn,Found
John Brack,John Brack,https://www.austlit.edu.au/austlit/page/A61178,John Brack,https://www.austlit.edu.au/austlit/page/A61178,Brack,TRUE,John Brack,https://www.austlit.edu.au/austlit/page/A61178,Exact match,Brack,Brack
David Bromley,David Bromley,https://www.austlit.edu.au/austlit/page/A95290,David Bromley,https://www.austlit.edu.au/austlit/page/A95290,Bromley,TRUE,David Bromley,https://www.austlit.edu.au/austlit/page/A95290,Exact match,Bromley,Bromley
Hannah Brontë,Jazz Money,https://www.austlit.edu.au/austlit/page/13194030,No Result Found,,Brontë,TRUE,,,"No match, but related record",Money,Found
Jean Broome-Norton,No Result Found,,No Result Found,,Broome-Norton,TRUE,No Result Found,,No match,Found,Found
Jody Broun,Jody Broun,https://www.austlit.edu.au/austlit/page/A12307,Jody Broun,https://www.austlit.edu.au/austlit/page/A12307,Broun,TRUE,Jody Broun,https://www.austlit.edu.au/austlit/page/A12307,Exact match,Broun,Broun
Vincent Brown,James Robertson,https://www.austlit.edu.au/austlit/page/A145701,Coral Browne,https://www.austlit.edu.au/austlit/page/A103287,Brown,TRUE,,,"No match, but related record",Robertson,Browne
Mike Brown,Mike Brown,https://www.austlit.edu.au/austlit/page/11409727,Mike Brown,https://www.austlit.edu.au/austlit/page/11409727,Brown,TRUE,Mike Brown,https://www.austlit.edu.au/austlit/page/11409727,Exact match,Brown,Brown
Jimmy Tjampitjinpa Brown,No Result Found,,No Result Found,,Brown,TRUE,No Result Found,,No match,Found,Found
Aadje  Bruce,No Result Found,,No Result Found,,Bruce,TRUE,No Result Found,,No match,Found,Found
George Tjangala Bush,No Result Found,,No Result Found,,Bush,TRUE,No Result Found,,No match,Found,Found
Madison Bycroft,No Result Found,,No Result Found,,Bycroft,TRUE,No Result Found,,No match,Found,Found
Michael Callaghan,Michael Callaghan,https://www.austlit.edu.au/austlit/page/7886248,Michael Callaghan,https://www.austlit.edu.au/austlit/page/7886248,Callaghan,TRUE,Michael Callaghan,https://www.austlit.edu.au/austlit/page/7886248,Exact match,Callaghan,Callaghan
Robert Richmond Campbell,J. F. Archibald,https://www.austlit.edu.au/austlit/page/A4354,No Result Found,,Campbell,TRUE,,,"No match, but related record",Archibald,Found
Robert Campbell,Robert Campbell,https://www.austlit.edu.au/austlit/page/A6411,Robert Campbell,https://www.austlit.edu.au/austlit/page/A6411,Campbell,TRUE,Robert Campbell,https://www.austlit.edu.au/austlit/page/A6411,Exact match,Campbell,Campbell
Barbara Campbell,Barbara Campbell,https://www.austlit.edu.au/austlit/page/A130457,Barbara Campbell,https://www.austlit.edu.au/austlit/page/A130457,Campbell,TRUE,Barbara Campbell,https://www.austlit.edu.au/austlit/page/A130457,Exact match,Campbell,Campbell
Gaynor Alma Cardew,No Result Found,,No Result Found,,Cardew,TRUE,No Result Found,,No match,Found,Found
Irene Carter,Irene Carter,https://www.austlit.edu.au/austlit/page/A60129,Irene Carter,https://www.austlit.edu.au/austlit/page/A60129,Carter,TRUE,Irene Carter,https://www.austlit.edu.au/austlit/page/A60129,Exact match,Carter,Carter
Karen Casey,Karen Howie Casey,https://www.austlit.edu.au/austlit/page/26350344,Karen Howie Casey,https://www.austlit.edu.au/austlit/page/26350344,Casey,TRUE,Karen Howie Casey,https://www.austlit.edu.au/austlit/page/26350344,Exact match,Casey,Casey
John Chester Cato,No Result Found,,No Result Found,,Cato,TRUE,No Result Found,,No match,Found,Found
Jon Cattapan,No Result Found,,No Result Found,,Cattapan,TRUE,No Result Found,,No match,Found,Found
Katthy Cavaliere,No Result Found,,No Result Found,,Cavaliere,TRUE,No Result Found,,No match,Found,Found
Dora Cecil Chapman,No Result Found,,No Result Found,,Chapman,TRUE,No Result Found,,No match,Found,Found
Martyn Chapman,J. Harding Tucker,https://www.austlit.edu.au/austlit/page/A9694,J. Harding Tucker,https://www.austlit.edu.au/austlit/page/A9694,Chapman,TRUE,J. Harding Tucker,https://www.austlit.edu.au/austlit/page/A9694,"No match, but related record",Tucker,Tucker
Craig Charles,Craig Charles,https://www.austlit.edu.au/austlit/page/A51732,Craig Charles,https://www.austlit.edu.au/austlit/page/A51732,Charles,TRUE,Craig Charles,https://www.austlit.edu.au/austlit/page/A51732,Exact match,Charles,Charles
Dadang Christanto,Dadang Christanto,https://www.austlit.edu.au/austlit/page/A64132,Dadang Christanto,https://www.austlit.edu.au/austlit/page/A64132,Christanto,TRUE,Dadang Christanto,https://www.austlit.edu.au/austlit/page/A64132,Exact match,Christanto,Christanto
Gunter Christmann,No Result Found,,No Result Found,,Christmann,TRUE,No Result Found,,No match,Found,Found
Andrew Christofides,No Result Found,,No Result Found,,Christofides,TRUE,No Result Found,,No match,Found,Found
Marily Cintra,No Result Found,,No Result Found,,Cintra,TRUE,No Result Found,,No match,Found,Found
Isabell Coe,Isabel E. Coe,https://www.austlit.edu.au/austlit/page/A104463,Isabel E. Coe,https://www.austlit.edu.au/austlit/page/A104463,Coe,TRUE,Isabel E. Coe,https://www.austlit.edu.au/austlit/page/A104463,Exact match,Coe,Coe
Bindi Cole,Bindi Cole,https://www.austlit.edu.au/austlit/page/7620627,Bindi Cole,https://www.austlit.edu.au/austlit/page/7620627,Cole,TRUE,Bindi Cole,https://www.austlit.edu.au/austlit/page/7620627,Exact match,Cole,Cole
Anthony John Coleing,Margaret Wilson,https://www.austlit.edu.au/austlit/page/A145973,No Result Found,,Coleing,TRUE,,,"No match, but related record",Wilson,Found
Dahl Collings,No Result Found,,No Result Found,,Collings,TRUE,No Result Found,,No match,Found,Found
Peter Cooley,Peter Cooley,https://www.austlit.edu.au/austlit/page/A129710,Peter Cooley,https://www.austlit.edu.au/austlit/page/A129710,Cooley,TRUE,Peter Cooley,https://www.austlit.edu.au/austlit/page/A129710,Exact match,Cooley,Cooley
Yvette Coppersmith,Samantha Turnbull,https://www.austlit.edu.au/austlit/page/A145603,No Result Found,,Coppersmith,TRUE,,,"No match, but related record",Turnbull,Found
David Tjapaltjarri Corby,No Result Found,,No Result Found,,Corby,TRUE,No Result Found,,No match,Found,Found
Sean Cordeiro,No Result Found,,No Result Found,,Cordeiro,TRUE,No Result Found,,No match,Found,Found
Olive Cotton,Helen Ennis,https://www.austlit.edu.au/austlit/page/A93108,Olive Cotton,https://www.austlit.edu.au/austlit/page/6134036,Cotton,TRUE,Olive Cotton,https://www.austlit.edu.au/austlit/page/6134036,Exact match,Ennis,Cotton
Noel Counihan,Noel Counihan,https://www.austlit.edu.au/austlit/page/A3244,Noel Counihan,https://www.austlit.edu.au/austlit/page/A3244,Counihan,TRUE,Noel Counihan,https://www.austlit.edu.au/austlit/page/A3244,Exact match,Counihan,Counihan
Sybil Mary Frances Craig,No Result Found,,No Result Found,,Craig,TRUE,No Result Found,,No match,Found,Found
Brenda L Croft,Katherine Russo,https://www.austlit.edu.au/austlit/page/A89071,Brenda Croft,https://www.austlit.edu.au/austlit/page/A123364,Croft,TRUE,Brenda Croft,https://www.austlit.edu.au/austlit/page/A123364,Exact match,Russo,Croft
Daniel Crooks,Ian Meadows,https://www.austlit.edu.au/austlit/page/A129093,No Result Found,,Crooks,TRUE,,,"No match, but related record",Meadows,Found
Rina Cruickshank,No Result Found,,No Result Found,,Cruickshank,TRUE,No Result Found,,No match,Found,Found
Phillippa Cullen,No Result Found,,No Result Found,,Cullen,TRUE,No Result Found,,No match,Found,Found
Adam Cullen,Adam Cullen,https://www.austlit.edu.au/austlit/page/A68293,Adam Cullen,https://www.austlit.edu.au/austlit/page/A68293,Cullen,TRUE,Adam Cullen,https://www.austlit.edu.au/austlit/page/A68293,Exact match,Cullen,Cullen
Elisabeth Cummings,Kathryn Fry,https://www.austlit.edu.au/austlit/page/A22783,No Result Found,,Cummings,TRUE,,,"No match, but related record",Fry,Found
Nici Cumpston,Nici Cumpston,https://www.austlit.edu.au/austlit/page/8840745,Nici Cumpston,https://www.austlit.edu.au/austlit/page/8840745,Cumpston,TRUE,Nici Cumpston,https://www.austlit.edu.au/austlit/page/8840745,Exact match,Cumpston,Cumpston
Virginia Cuppaidge,Jolanta Garolis,https://www.austlit.edu.au/austlit/page/A28230,No Result Found,,Cuppaidge,TRUE,,,"No match, but related record",Garolis,Found
Lyndon Dadswell,Lyndon Dadswell,https://www.austlit.edu.au/austlit/page/A82360,Lyndon Dadswell,https://www.austlit.edu.au/austlit/page/A82360,Dadswell,TRUE,Lyndon Dadswell,https://www.austlit.edu.au/austlit/page/A82360,Exact match,Dadswell,Dadswell
Dolly Nampijinpa Daniels,Dolly Daniels Granites Nampijinpa,https://www.austlit.edu.au/austlit/page/A73239,Dolly Daniels Granites Nampijinpa,https://www.austlit.edu.au/austlit/page/A73239,Daniels,TRUE,Dolly Daniels Granites Nampijinpa,https://www.austlit.edu.au/austlit/page/A73239,Exact match,Nampijinpa,Nampijinpa
Alex Danko,Brian Reed,https://www.austlit.edu.au/austlit/page/18492754,No Result Found,,Danko,TRUE,,,"No match, but related record",Reed,Found
Beatrice Dean Darbyshire,No Result Found,,No Result Found,,Darbyshire,TRUE,No Result Found,,No match,Found,Found
Janet Dawson,Janet Dawson Boddy,https://www.austlit.edu.au/austlit/page/A119965,Janet Dawson Boddy,https://www.austlit.edu.au/austlit/page/A119965,Dawson,TRUE,Janet Dawson Boddy,https://www.austlit.edu.au/austlit/page/A119965,Exact match,Boddy,Boddy
Destiny Deacon,Destiny Deacon,https://www.austlit.edu.au/austlit/page/A150341,Destiny Deacon,https://www.austlit.edu.au/austlit/page/A150341,Deacon,TRUE,Destiny Deacon,https://www.austlit.edu.au/austlit/page/A150341,Exact match,Deacon,Deacon
Pamela Elizabeth Debenham,No Result Found,,No Result Found,,Debenham,TRUE,No Result Found,,No match,Found,Found
William Delafield-Cook,William Delafield Cook,https://www.austlit.edu.au/austlit/page/A123427,William Delafield Cook,https://www.austlit.edu.au/austlit/page/A123427,Delafield-Cook,TRUE,William Delafield Cook,https://www.austlit.edu.au/austlit/page/A123427,Exact match,Cook,Cook
John Dermer,No Result Found,,No Result Found,,Dermer,TRUE,No Result Found,,No match,Found,Found
Karla Dickens,Karla Dickens,https://www.austlit.edu.au/austlit/page/8840939,Karla Dickens,https://www.austlit.edu.au/austlit/page/8840939,Dickens,TRUE,Karla Dickens,https://www.austlit.edu.au/austlit/page/8840939,Exact match,Dickens,Dickens
Colin Tjapanangka Dixon,No Result Found,,No Result Found,,Dixon,TRUE,No Result Found,,No match,Found,Found
Mary Nungarrayi Dixon,Margo Stanislawska-Birnberg,https://www.austlit.edu.au/austlit/page/A1393,No Result Found,,Dixon,TRUE,,,"No match, but related record",Stanislawska-Birnberg,Found
Margaret Dodd,Margaret Macpherson,https://www.austlit.edu.au/austlit/page/A48768,Sydney Lionel May,https://www.austlit.edu.au/austlit/page/A1590,Dodd,TRUE,,,"No match, but related record",Macpherson,May
Kelly Doley,No Result Found,,No Result Found,,Doley,TRUE,No Result Found,,No match,Found,Found
Peter Dombrovskis,Peter Dombrovskis,https://www.austlit.edu.au/austlit/page/A78872,Peter Dombrovskis,https://www.austlit.edu.au/austlit/page/A78872,Dombrovskis,TRUE,Peter Dombrovskis,https://www.austlit.edu.au/austlit/page/A78872,Exact match,Dombrovskis,Dombrovskis
Ken Done,Ken Done,https://www.austlit.edu.au/austlit/page/A61308,Ken Done,https://www.austlit.edu.au/austlit/page/A61308,Done,TRUE,Ken Done,https://www.austlit.edu.au/austlit/page/A61308,Exact match,Done,Done
Billy Doolan Jr.,No Result Found,,No Result Found,,Doolan Jr.,TRUE,No Result Found,,No match,Found,Found
Heather Dorrough,No Result Found,,No Result Found,,Dorrough,TRUE,No Result Found,,No match,Found,Found
Blak Douglas,Susanna Freymark,https://www.austlit.edu.au/austlit/page/A142696,Adam Hill,https://www.austlit.edu.au/austlit/page/A105093,Douglas,TRUE,,,"No match, but related record",Freymark,Hill
Julie Dowling,Julie Dowling,https://www.austlit.edu.au/austlit/page/A55690,Julie Dowling,https://www.austlit.edu.au/austlit/page/A55690,Dowling,TRUE,Julie Dowling,https://www.austlit.edu.au/austlit/page/A55690,Exact match,Dowling,Dowling
Margaret Dredge,Vandorian,https://www.austlit.edu.au/austlit/page/A32257,No Result Found,,Dredge,TRUE,,,"No match, but related record",Vandorian,Found
Russell Drysdale,Russell Drysdale,https://www.austlit.edu.au/austlit/page/A54149,Russell Drysdale,https://www.austlit.edu.au/austlit/page/A54149,Drysdale,TRUE,Russell Drysdale,https://www.austlit.edu.au/austlit/page/A54149,Exact match,Drysdale,Drysdale
Douglas Dundas,Vera Newsom,https://www.austlit.edu.au/austlit/page/A20748,Helen Baldwin,https://www.austlit.edu.au/austlit/page/A45818,Dundas,TRUE,,,"No match, but related record",Newsom,Baldwin
Brian Dunlop,Lynne Strahan,https://www.austlit.edu.au/austlit/page/A5715,Brian Dunlop,https://www.austlit.edu.au/austlit/page/A66303,Dunlop,TRUE,Brian Dunlop,https://www.austlit.edu.au/austlit/page/A66303,Exact match,Strahan,Dunlop
Max Dupain,Max Dupain,https://www.austlit.edu.au/austlit/page/A117552,Max Dupain,https://www.austlit.edu.au/austlit/page/A117552,Dupain,TRUE,Max Dupain,https://www.austlit.edu.au/austlit/page/A117552,Exact match,Dupain,Dupain
Wladyslaw Dutkiewicz,Peter Mathers,https://www.austlit.edu.au/austlit/page/A28832,Ludwik Dutkiewicz,https://www.austlit.edu.au/austlit/page/7880985,Dutkiewicz,TRUE,Ludwik Dutkiewicz,https://www.austlit.edu.au/austlit/page/7880985,"No match, but related record",Mathers,Dutkiewicz
Michal Dutkiewicz,Michal Dutkiewicz,https://www.austlit.edu.au/austlit/page/A59236,Michal Dutkiewicz,https://www.austlit.edu.au/austlit/page/A59236,Dutkiewicz,TRUE,Michal Dutkiewicz,https://www.austlit.edu.au/austlit/page/A59236,Exact match,Dutkiewicz,Dutkiewicz
Moya Dyring,Peta Tait,https://www.austlit.edu.au/austlit/page/A2372,No Result Found,,Dyring,TRUE,,,"No match, but related record",Tait,Found
Eddie Tjapangati Ediminja,No Result Found,,No Result Found,,Ediminja,TRUE,No Result Found,,No match,Found,Found
Sandy Edwards,Sandy Edwards,https://www.austlit.edu.au/austlit/page/A96797,Sandy Edwards,https://www.austlit.edu.au/austlit/page/A96797,Edwards,TRUE,Sandy Edwards,https://www.austlit.edu.au/austlit/page/A96797,Exact match,Edwards,Edwards
Charlie Tjapaltjarri Egalie,No Result Found,,No Result Found,,Egalie,TRUE,No Result Found,,No match,Found,Found
Jeannie Nungarrayi Egan,Jeannie Egan Nungarrayi,https://www.austlit.edu.au/austlit/page/A123612,Jeannie Egan Nungarrayi,https://www.austlit.edu.au/austlit/page/A123612,Egan,TRUE,Jeannie Egan Nungarrayi,https://www.austlit.edu.au/austlit/page/A123612,Exact match,Nungarrayi,Nungarrayi
Betty Egan,Phillip Gwynne,https://www.austlit.edu.au/austlit/page/A3779,No Result Found,,Egan,TRUE,,,"No match, but related record",Gwynne,Found
Bonita Ely,Bonita Ely,https://www.austlit.edu.au/austlit/page/A148582,Bonita Ely,https://www.austlit.edu.au/austlit/page/A148582,Ely,TRUE,Bonita Ely,https://www.austlit.edu.au/austlit/page/A148582,Exact match,Ely,Ely
Merran Esson,No Result Found,,No Result Found,,Esson,TRUE,No Result Found,,No match,Found,Found
Rod Ewins,No Result Found,,No Result Found,,Ewins,TRUE,No Result Found,,No match,Found,Found
Dongwang Fan,Ruth Skilbeck,https://www.austlit.edu.au/austlit/page/A79128,No Result Found,,Fan,TRUE,,,"No match, but related record",Skilbeck,Found
James Fardoulys,No Result Found,,No Result Found,,Fardoulys,TRUE,No Result Found,,No match,Found,Found
Anne Ferran,No Result Found,,No Result Found,,Ferran,TRUE,No Result Found,,No match,Found,Found
Vanessa Fisher,Vanessa Fisher,https://www.austlit.edu.au/austlit/page/A100635,Vanessa Fisher,https://www.austlit.edu.au/austlit/page/A100635,Fisher,TRUE,Vanessa Fisher,https://www.austlit.edu.au/austlit/page/A100635,Exact match,Fisher,Fisher
Michael Fitzjames,No Result Found,,No Result Found,,Fitzjames,TRUE,No Result Found,,No match,Found,Found
Cedric Flower,Cedric Flower,https://www.austlit.edu.au/austlit/page/A30717,Cedric Flower,https://www.austlit.edu.au/austlit/page/A30717,Flower,TRUE,Cedric Flower,https://www.austlit.edu.au/austlit/page/A30717,Exact match,Flower,Flower
Bert Flugelman,Ron Pretty,https://www.austlit.edu.au/austlit/page/A6444,No Result Found,,Flugelman,TRUE,,,"No match, but related record",Pretty,Found
Joanna Flynn,Joanna Flynn,https://www.austlit.edu.au/austlit/page/A108515,Joanna Flynn,https://www.austlit.edu.au/austlit/page/A108515,Flynn,TRUE,Joanna Flynn,https://www.austlit.edu.au/austlit/page/A108515,Exact match,Flynn,Flynn
Roger Foley,Bridget Griffen-Foley,https://www.austlit.edu.au/austlit/page/A28162,David Carter,https://www.austlit.edu.au/austlit/page/A5257,Foley,TRUE,,,"No match, but related record",Griffen-Foley,Carter
Fiona Foley,Fiona Foley,https://www.austlit.edu.au/austlit/page/8840600,Fiona Foley,https://www.austlit.edu.au/austlit/page/8840600,Foley,TRUE,Fiona Foley,https://www.austlit.edu.au/austlit/page/8840600,Exact match,Foley,Foley
Sue Ford,Angela Blakston,https://www.austlit.edu.au/austlit/page/A105776,No Result Found,,Ford,TRUE,,,"No match, but related record",Blakston,Found
Ivor Pengelly Francis,No Result Found,,No Result Found,,Francis,TRUE,No Result Found,,No match,Found,Found
Margaret Francis,Richard Morecroft,https://www.austlit.edu.au/austlit/page/A71597,Hilary Lofting,https://www.austlit.edu.au/austlit/page/A8004,Francis,TRUE,,,"No match, but related record",Morecroft,Lofting
Iris Duncan Francis,No Result Found,,No Result Found,,Francis,TRUE,No Result Found,,No match,Found,Found
Leonard French,Vincent Buckley,https://www.austlit.edu.au/austlit/page/A31963,Leonard French,https://www.austlit.edu.au/austlit/page/A79692,French,TRUE,Leonard French,https://www.austlit.edu.au/austlit/page/A79692,Exact match,Buckley,French
Klaus Friedeberger,No Result Found,,No Result Found,,Friedeberger,TRUE,No Result Found,,No match,Found,Found
Donald Friend,Donald Friend,https://www.austlit.edu.au/austlit/page/A4670,Donald Friend,https://www.austlit.edu.au/austlit/page/A4670,Friend,TRUE,Donald Friend,https://www.austlit.edu.au/austlit/page/A4670,Exact match,Friend,Friend
Corrie Fullard,No Result Found,,No Result Found,,Fullard,TRUE,No Result Found,,No match,Found,Found
Sam Fullbrook,Joe Dolce,https://www.austlit.edu.au/austlit/page/A61159,No Result Found,,Fullbrook,TRUE,,,"No match, but related record",Dolce,Found
Helen Fuller,Helen Townsend,https://www.austlit.edu.au/austlit/page/A34183,Harry Clay,https://www.austlit.edu.au/austlit/page/A106387,Fuller,TRUE,,,"No match, but related record",Townsend,Clay
Adrienne Gaha,No Result Found,,No Result Found,,Gaha,TRUE,No Result Found,,No match,Found,Found
Anthony Galbraith,Anthony Kimmins,https://www.austlit.edu.au/austlit/page/A8862,No Result Found,,Galbraith,TRUE,,,"No match, but related record",Kimmins,Found
Gunybi Ganambarr,Gunybi Ganambarr,https://www.austlit.edu.au/austlit/page/8839594,Gunybi Ganambarr,https://www.austlit.edu.au/austlit/page/8839594,Ganambarr,TRUE,Gunybi Ganambarr,https://www.austlit.edu.au/austlit/page/8839594,Exact match,Ganambarr,Ganambarr
Rosalie Gascoigne,Rosalie Gascoigne,https://www.austlit.edu.au/austlit/page/A55269,Rosalie Gascoigne,https://www.austlit.edu.au/austlit/page/A55269,Gascoigne,TRUE,Rosalie Gascoigne,https://www.austlit.edu.au/austlit/page/A55269,Exact match,Gascoigne,Gascoigne
Marea Gazzard,No Result Found,,No Result Found,,Gazzard,TRUE,No Result Found,,No match,Found,Found
Daniel Geia,No Result Found,,No Result Found,,Geia,TRUE,No Result Found,,No match,Found,Found
Ian Gentle,Ian Hill,https://www.austlit.edu.au/austlit/page/A18692,Kester Berwick,https://www.austlit.edu.au/austlit/page/A6604,Gentle,TRUE,,,"No match, but related record",Hill,Berwick
Sister Nakamarra Gibson,No Result Found,,No Result Found,,Gibson,TRUE,No Result Found,,No match,Found,Found
Barbara Nakamarra Gibson,No Result Found,,No Result Found,,Gibson,TRUE,No Result Found,,No match,Found,Found
Allan Giddy,No Result Found,,No Result Found,,Giddy,TRUE,No Result Found,,No match,Found,Found
Mick Tjakamarra Gill,No Result Found,,No Result Found,,Gill,TRUE,No Result Found,,No match,Found,Found
Simryn Gill,Erin Shiel,https://www.austlit.edu.au/austlit/page/6851783,No Result Found,,Gill,TRUE,,,"No match, but related record",Shiel,Found
George Gittoes,George Gittoes,https://www.austlit.edu.au/austlit/page/10488873,George Gittoes,https://www.austlit.edu.au/austlit/page/10488873,Gittoes,TRUE,George Gittoes,https://www.austlit.edu.au/austlit/page/10488873,Exact match,Gittoes,Gittoes
Shaun Gladwell,Shaun Gladwell,https://www.austlit.edu.au/austlit/page/A151422,Shaun Gladwell,https://www.austlit.edu.au/austlit/page/A151422,Gladwell,TRUE,Shaun Gladwell,https://www.austlit.edu.au/austlit/page/A151422,Exact match,Gladwell,Gladwell
Anna Glynn,Anna Glynn,https://www.austlit.edu.au/austlit/page/A95617,Anna Glynn,https://www.austlit.edu.au/austlit/page/A95617,Glynn,TRUE,Anna Glynn,https://www.austlit.edu.au/austlit/page/A95617,Exact match,Glynn,Glynn
Robyn Gordon,Timoshenko Aslanides,https://www.austlit.edu.au/austlit/page/A4598,Penguin New Zealand,https://www.austlit.edu.au/austlit/page/A138922,Gordon,TRUE,,,"No match, but related record",Aslanides,Zealand
Julie Gough,Julie Gough,https://www.austlit.edu.au/austlit/page/A131617,Julie Gough,https://www.austlit.edu.au/austlit/page/A131617,Gough,TRUE,Julie Gough,https://www.austlit.edu.au/austlit/page/A131617,Exact match,Gough,Gough
Annemarie Graham,No Result Found,,No Result Found,,Graham,TRUE,No Result Found,,No match,Found,Found
Peter Sebastian Graham,Anthony Mir,https://www.austlit.edu.au/austlit/page/6341756,No Result Found,,Graham,TRUE,,,"No match, but related record",Mir,Found
Judy Nampijinpa Granites,No Result Found,,No Result Found,,Granites,TRUE,No Result Found,,No match,Found,Found
Nancy Grant,Ray Lawler,https://www.austlit.edu.au/austlit/page/A20518,Jean Kent,https://www.austlit.edu.au/austlit/page/A6935,Grant,TRUE,,,"No match, but related record",Lawler,Kent
Lola Greeno,Lola Greeno,https://www.austlit.edu.au/austlit/page/A118763,Lola Greeno,https://www.austlit.edu.au/austlit/page/A118763,Greeno,TRUE,Lola Greeno,https://www.austlit.edu.au/austlit/page/A118763,Exact match,Greeno,Greeno
Pamela Griffith,Pip Karmel,https://www.austlit.edu.au/austlit/page/A8011,Pamela Rushby,https://www.austlit.edu.au/austlit/page/A47738,Griffith,TRUE,,,"No match, but related record",Karmel,Rushby
Ross Grounds,Joseph Furphy,https://www.austlit.edu.au/austlit/page/A25736,George Wallace,https://www.austlit.edu.au/austlit/page/A71182,Grounds,TRUE,,,"No match, but related record",Furphy,Wallace
Melba  Gunjarrwanga,No Result Found,,No Result Found,,Gunjarrwanga,TRUE,No Result Found,,No match,Found,Found
Oswald Hall,Oswald Hall,https://www.austlit.edu.au/austlit/page/A143032,Oswald Hall,https://www.austlit.edu.au/austlit/page/A143032,Hall,TRUE,Oswald Hall,https://www.austlit.edu.au/austlit/page/A143032,Exact match,Hall,Hall
Fiona Hall,Bronwyn Evans,https://www.austlit.edu.au/austlit/page/A147000,Horwitz,https://www.austlit.edu.au/austlit/page/A37448,Hall,TRUE,,,"No match, but related record",Evans,Horwitz
Michael Hamlyn,Stephan Elliott,https://www.austlit.edu.au/austlit/page/A19,Sun Books,https://www.austlit.edu.au/austlit/page/A40521,Hamlyn,TRUE,,,"No match, but related record",Elliott,Books
Barbara Hanrahan,Barbara Hanrahan,https://www.austlit.edu.au/austlit/page/A34110,Barbara Hanrahan,https://www.austlit.edu.au/austlit/page/A34110,Hanrahan,TRUE,Barbara Hanrahan,https://www.austlit.edu.au/austlit/page/A34110,Exact match,Hanrahan,Hanrahan
Gwyn Hanssen Pigott,Jane Gibian,https://www.austlit.edu.au/austlit/page/A14539,No Result Found,,Hanssen Pigott,TRUE,,,"No match, but related record",Gibian,Found
Elaine Alys Haxton,Elaine Haxton,https://www.austlit.edu.au/austlit/page/A59738,Elaine Haxton,https://www.austlit.edu.au/austlit/page/A59738,Haxton,TRUE,Elaine Haxton,https://www.austlit.edu.au/austlit/page/A59738,Exact match,Haxton,Haxton
Claire Healy,Tim Dolin,https://www.austlit.edu.au/austlit/page/A85922,No Result Found,,Healy,TRUE,,,"No match, but related record",Dolin,Found
Mona Hessing,No Result Found,,No Result Found,,Hessing,TRUE,No Result Found,,No match,Found,Found
Joy Hester,Joy Hester,https://www.austlit.edu.au/austlit/page/A60098,Joy Hester,https://www.austlit.edu.au/austlit/page/A60098,Hester,TRUE,Joy Hester,https://www.austlit.edu.au/austlit/page/A60098,Exact match,Hester,Hester
Nora Heysen,Nora Heysen,https://www.austlit.edu.au/austlit/page/A59437,Nora Heysen,https://www.austlit.edu.au/austlit/page/A59437,Heysen,TRUE,Nora Heysen,https://www.austlit.edu.au/austlit/page/A59437,Exact match,Heysen,Heysen
Jacqueline Hick,Gloria Strzelecki,https://www.austlit.edu.au/austlit/page/6079388,Jacqueline Hick,https://www.austlit.edu.au/austlit/page/A79818,Hick,TRUE,Jacqueline Hick,https://www.austlit.edu.au/austlit/page/A79818,Exact match,Strzelecki,Hick
Dale Hickey,Dale Hickey,https://www.austlit.edu.au/austlit/page/A65978,Dale Hickey,https://www.austlit.edu.au/austlit/page/A65978,Hickey,TRUE,Dale Hickey,https://www.austlit.edu.au/austlit/page/A65978,Exact match,Hickey,Hickey
Adrienne Higgs,Adrienne Higgs,https://www.austlit.edu.au/austlit/page/A151355,Adrienne Higgs,https://www.austlit.edu.au/austlit/page/A151355,Higgs,TRUE,Adrienne Higgs,https://www.austlit.edu.au/austlit/page/A151355,Exact match,Higgs,Higgs
Andrew Hill,Harry Downie,https://www.austlit.edu.au/austlit/page/A72492,John Jenkins,https://www.austlit.edu.au/austlit/page/A20818,Hill,TRUE,,,"No match, but related record",Downie,Jenkins
Frank Hinder,Robert Kennedy,https://www.austlit.edu.au/austlit/page/A75162,Frank O'Grady,https://www.austlit.edu.au/austlit/page/A33890,Hinder,TRUE,,,"No match, but related record",Kennedy,O'Grady
Margel Ina Hinder,No Result Found,,No Result Found,,Hinder,TRUE,No Result Found,,No match,Found,Found
Alice Hinton-Bateup,No Result Found,,No Result Found,,Hinton-Bateup,TRUE,No Result Found,,No match,Found,Found
Frank Hodgkinson,Frank Hodgkinson,https://www.austlit.edu.au/austlit/page/A65031,Frank Hodgkinson,https://www.austlit.edu.au/austlit/page/A65031,Hodgkinson,TRUE,Frank Hodgkinson,https://www.austlit.edu.au/austlit/page/A65031,Exact match,Hodgkinson,Hodgkinson
Pat Hoffie,Pat Hoffie,https://www.austlit.edu.au/austlit/page/A116134,Pat Hoffie,https://www.austlit.edu.au/austlit/page/A116134,Hoffie,TRUE,Pat Hoffie,https://www.austlit.edu.au/austlit/page/A116134,Exact match,Hoffie,Hoffie
Quentin Hole,Quentin Hole,https://www.austlit.edu.au/austlit/page/A41404,Quentin Hole,https://www.austlit.edu.au/austlit/page/A41404,Hole,TRUE,Quentin Hole,https://www.austlit.edu.au/austlit/page/A41404,Exact match,Hole,Hole
Gordon Hookey,Gordon Hookey,https://www.austlit.edu.au/austlit/page/6035474,Gordon Hookey,https://www.austlit.edu.au/austlit/page/6035474,Hookey,TRUE,Gordon Hookey,https://www.austlit.edu.au/austlit/page/6035474,Exact match,Hookey,Hookey
Ian Howard,John Sherman,https://www.austlit.edu.au/austlit/page/A148532,John N. McCallum,https://www.austlit.edu.au/austlit/page/A104716,Howard,TRUE,,,"No match, but related record",Sherman,McCallum
Glenn Iseger-Pilkington,Glenn Iseger-Pilkington,https://www.austlit.edu.au/austlit/page/8839182,Glenn Iseger-Pilkington,https://www.austlit.edu.au/austlit/page/8839182,Iseger-Pilkington,TRUE,Glenn Iseger-Pilkington,https://www.austlit.edu.au/austlit/page/8839182,Exact match,Iseger-Pilkington,Iseger-Pilkington
Akira Isogawa,Akira Isogawa,https://www.austlit.edu.au/austlit/page/A150766,Akira Isogawa,https://www.austlit.edu.au/austlit/page/A150766,Isogawa,TRUE,Akira Isogawa,https://www.austlit.edu.au/austlit/page/A150766,Exact match,Isogawa,Isogawa
Tjupurrula Jack,No Result Found,,No Result Found,,Jack,TRUE,No Result Found,,No match,Found,Found
Eunice Napanangka Jack,No Result Found,,No Result Found,,Jack,TRUE,No Result Found,,No match,Found,Found
Robert Jacks,Robert Jack,https://www.austlit.edu.au/austlit/page/A47573,Robert Jack,https://www.austlit.edu.au/austlit/page/A47573,Jacks,TRUE,Robert Jack,https://www.austlit.edu.au/austlit/page/A47573,"No match, but related record",Jack,Jack
Jeanette James,Jeanette James,https://www.austlit.edu.au/austlit/page/A80666,Jeanette James,https://www.austlit.edu.au/austlit/page/A80666,James,TRUE,Jeanette James,https://www.austlit.edu.au/austlit/page/A80666,Exact match,James,James
Sam Jinks,J. Oscar Whittenoon,https://www.austlit.edu.au/austlit/page/A123823,No Result Found,,Jinks,TRUE,,,"No match, but related record",Whittenoon,Found
Tim Johnson,Tim Johnson,https://www.austlit.edu.au/austlit/page/A35941,Tim Johnson,https://www.austlit.edu.au/austlit/page/A35941,Johnson,TRUE,Tim Johnson,https://www.austlit.edu.au/austlit/page/A35941,Exact match,Johnson,Johnson
Ruth Johnstone,Ruth Johnston,https://www.austlit.edu.au/austlit/page/A12389,Ruth Johnston,https://www.austlit.edu.au/austlit/page/A12389,Johnstone,TRUE,Ruth Johnston,https://www.austlit.edu.au/austlit/page/A12389,"No match, but related record",Johnston,Johnston
Dianne Jones,Dianne Jones,https://www.austlit.edu.au/austlit/page/23615378,Dianne Jones,https://www.austlit.edu.au/austlit/page/23615378,Jones,TRUE,Dianne Jones,https://www.austlit.edu.au/austlit/page/23615378,Exact match,Jones,Jones
Jonathan Jones,Jonathan Jones,https://www.austlit.edu.au/austlit/page/8645057,Jonathan Jones,https://www.austlit.edu.au/austlit/page/8645057,Jones,TRUE,Jonathan Jones,https://www.austlit.edu.au/austlit/page/8645057,Exact match,Jones,Jones
Col Jordan,Marilyn Peck,https://www.austlit.edu.au/austlit/page/A86611,No Result Found,,Jordan,TRUE,,,"No match, but related record",Peck,Found
Narelle Jubelin,No Result Found,,No Result Found,,Jubelin,TRUE,No Result Found,,No match,Found,Found
Mabel Juli,Mabel Juli,https://www.austlit.edu.au/austlit/page/A127857,Mabel Juli,https://www.austlit.edu.au/austlit/page/A127857,Juli,TRUE,Mabel Juli,https://www.austlit.edu.au/austlit/page/A127857,Exact match,Juli,Juli
Tilo Nangala Jurra,No Result Found,,No Result Found,,Jurra,TRUE,No Result Found,,No match,Found,Found
Jenny Kee,Jenny Kee,https://www.austlit.edu.au/austlit/page/A61136,Jenny Kee,https://www.austlit.edu.au/austlit/page/A61136,Kee,TRUE,Jenny Kee,https://www.austlit.edu.au/austlit/page/A61136,Exact match,Kee,Kee
Jimmy Jampijinpa Kelly,Lord Vestey,https://www.austlit.edu.au/austlit/page/9911550,No Result Found,,Kelly,TRUE,,,"No match, but related record",Vestey,Found
Norman Tjampitjinpa Kelly,No Result Found,,No Result Found,,Kelly,TRUE,No Result Found,,No match,Found,Found
Deborah Kelly,Deborah Kelly,https://www.austlit.edu.au/austlit/page/A152142,Deborah Kelly,https://www.austlit.edu.au/austlit/page/A152142,Kelly,TRUE,Deborah Kelly,https://www.austlit.edu.au/austlit/page/A152142,Exact match,Kelly,Kelly
Roger Kemp,Christopher Heathcote,https://www.austlit.edu.au/austlit/page/A73373,Roger Kemp,https://www.austlit.edu.au/austlit/page/A114647,Kemp,TRUE,Roger Kemp,https://www.austlit.edu.au/austlit/page/A114647,Exact match,Heathcote,Kemp
Michel Kemp,Rebecca Starford,https://www.austlit.edu.au/austlit/page/A95368,No Result Found,,Kemp,TRUE,,,"No match, but related record",Starford,Found
Lucy Napaljarri Kennedy,Lucy Napaljarri Kennedy,https://www.austlit.edu.au/austlit/page/A122908,Lucy Napaljarri Kennedy,https://www.austlit.edu.au/austlit/page/A122908,Kennedy,TRUE,Lucy Napaljarri Kennedy,https://www.austlit.edu.au/austlit/page/A122908,Exact match,Kennedy,Kennedy
Roy Kennedy,Roy Kennedy,https://www.austlit.edu.au/austlit/page/A123168,Roy Kennedy,https://www.austlit.edu.au/austlit/page/A123168,Kennedy,TRUE,Roy Kennedy,https://www.austlit.edu.au/austlit/page/A123168,Exact match,Kennedy,Kennedy
Peter Kennedy,Robert Peter Kennedy Crow,https://www.austlit.edu.au/austlit/page/A47969,Robert Peter Kennedy Crow,https://www.austlit.edu.au/austlit/page/A47969,Kennedy,TRUE,Robert Peter Kennedy Crow,https://www.austlit.edu.au/austlit/page/A47969,"No match, but related record",Crow,Crow
J. N. Kilgour,J. N. Kilgour,https://www.austlit.edu.au/austlit/page/14475912,J. N. Kilgour,https://www.austlit.edu.au/austlit/page/14475912,Kilgour,TRUE,J. N. Kilgour,https://www.austlit.edu.au/austlit/page/14475912,Exact match,Kilgour,Kilgour
Mark Kimber,Chris Sun,https://www.austlit.edu.au/austlit/page/A139174,No Result Found,,Kimber,TRUE,,,"No match, but related record",Sun,Found
Inge King,Inge King,https://www.austlit.edu.au/austlit/page/A123419,Inge King,https://www.austlit.edu.au/austlit/page/A123419,King,TRUE,Inge King,https://www.austlit.edu.au/austlit/page/A123419,Exact match,King,King
Peter Kingston,Peter Kingston,https://www.austlit.edu.au/austlit/page/A150471,Peter Kingston,https://www.austlit.edu.au/austlit/page/A150471,Kingston,TRUE,Peter Kingston,https://www.austlit.edu.au/austlit/page/A150471,Exact match,Kingston,Kingston
Robert Klippel,James Gleeson,https://www.austlit.edu.au/austlit/page/A14212,Robert Klippel,https://www.austlit.edu.au/austlit/page/A85541,Klippel,TRUE,Robert Klippel,https://www.austlit.edu.au/austlit/page/A85541,Exact match,Gleeson,Klippel
Emily Kame Kngwarreye,Emily Kame Kngwarreye,https://www.austlit.edu.au/austlit/page/A72471,Emily Kame Kngwarreye,https://www.austlit.edu.au/austlit/page/A72471,Kngwarreye,TRUE,Emily Kame Kngwarreye,https://www.austlit.edu.au/austlit/page/A72471,Exact match,Kngwarreye,Kngwarreye
Mark Knight,Mark Knight,https://www.austlit.edu.au/austlit/page/A71242,Mark Knight,https://www.austlit.edu.au/austlit/page/A71242,Knight,TRUE,Mark Knight,https://www.austlit.edu.au/austlit/page/A71242,Exact match,Knight,Knight
Jack Louis Koskie,Arch Fernd,https://www.austlit.edu.au/austlit/page/A43842,Jack Koskie,https://www.austlit.edu.au/austlit/page/A135198,Koskie,TRUE,Jack Koskie,https://www.austlit.edu.au/austlit/page/A135198,Exact match,Fernd,Koskie
Maria Kozic,Philip Brophy,https://www.austlit.edu.au/austlit/page/A113512,No Result Found,,Kozic,TRUE,,,"No match, but related record",Brophy,Found
Elisabeth Kruger,Roy Rene,https://www.austlit.edu.au/austlit/page/A9923,Roy Rene,https://www.austlit.edu.au/austlit/page/A9923,Kruger,TRUE,Roy Rene,https://www.austlit.edu.au/austlit/page/A9923,"No match, but related record",Rene,Rene
Joey Laifoo,No Result Found,,No Result Found,,Laifoo,TRUE,No Result Found,,No match,Found,Found
Rosemary Laing,Helen Carroll,https://www.austlit.edu.au/austlit/page/A153742,Elizabeth Lawson,https://www.austlit.edu.au/austlit/page/A24865,Laing,TRUE,,,"No match, but related record",Carroll,Lawson
Richard Larter,Leslie Thomas,https://www.austlit.edu.au/austlit/page/A13074,No Result Found,,Larter,TRUE,,,"No match, but related record",Thomas,Found
Pat Larter,No Result Found,,No Result Found,,Larter,TRUE,No Result Found,,No match,Found,Found
Janet Laurence,Laurie Hergenhan,https://www.austlit.edu.au/austlit/page/A3319,Penguin New Zealand,https://www.austlit.edu.au/austlit/page/A138922,Laurence,TRUE,,,"No match, but related record",Hergenhan,Zealand
Ronnie Jakamarra Lawson,No Result Found,,No Result Found,,Lawson,TRUE,No Result Found,,No match,Found,Found
Vivienne Shark LeWitt,No Result Found,,No Result Found,,LeWitt,TRUE,No Result Found,,No match,Found,Found
Nerissa Lea,No Result Found,,No Result Found,,Lea,TRUE,No Result Found,,No match,Found,Found
Alun Leach-Jones,Alun Leach-Jones,https://www.austlit.edu.au/austlit/page/A69425,Alun Leach-Jones,https://www.austlit.edu.au/austlit/page/A69425,Leach-Jones,TRUE,Alun Leach-Jones,https://www.austlit.edu.au/austlit/page/A69425,Exact match,Leach-Jones,Leach-Jones
Lindy Lee,Vicky Tsaconas,https://www.austlit.edu.au/austlit/page/A25125,No Result Found,,Lee,TRUE,,,"No match, but related record",Tsaconas,Found
Helen Dora Lempriere,No Result Found,,No Result Found,,Lempriere,TRUE,No Result Found,,No match,Found,Found
Garth Lena,Jessica Redenbach,https://www.austlit.edu.au/austlit/page/A135414,No Result Found,,Lena,TRUE,,,"No match, but related record",Redenbach,Found
Peter Tjakamarra Leo,No Result Found,,No Result Found,,Leo,TRUE,No Result Found,,No match,Found,Found
Tim Tjapaltjarri Leura,Clifford Possum Tjapaltjarri,https://www.austlit.edu.au/austlit/page/A115116,Clifford Possum Tjapaltjarri,https://www.austlit.edu.au/austlit/page/A115116,Leura,TRUE,Clifford Possum Tjapaltjarri,https://www.austlit.edu.au/austlit/page/A115116,"No match, but related record",Tjapaltjarri,Tjapaltjarri
Daisy Nakamarra Leura,No Result Found,,No Result Found,,Leura,TRUE,No Result Found,,No match,Found,Found
Col Levy,Levi Pinfold,https://www.austlit.edu.au/austlit/page/7432583,No Result Found,,Levy,TRUE,,,"No match, but related record",Pinfold,Found
Margo Lewers,Judy Cassab,https://www.austlit.edu.au/austlit/page/A61272,Margo Lewers,https://www.austlit.edu.au/austlit/page/A106156,Lewers,TRUE,Margo Lewers,https://www.austlit.edu.au/austlit/page/A106156,Exact match,Cassab,Lewers
Aletta M. Lewis,No Result Found,,No Result Found,,Lewis,TRUE,No Result Found,,No match,Found,Found
Jon Lewis,Marie Ford,https://www.austlit.edu.au/austlit/page/A46313,Marie Ford,https://www.austlit.edu.au/austlit/page/A46313,Lewis,TRUE,Marie Ford,https://www.austlit.edu.au/austlit/page/A46313,"No match, but related record",Ford,Ford
Frank Anthony Littler,No Result Found,,No Result Found,,Littler,TRUE,No Result Found,,No match,Found,Found
Janet Nakamarra Long,Janet Nakamarra Long,https://www.austlit.edu.au/austlit/page/A127691,Janet Nakamarra Long,https://www.austlit.edu.au/austlit/page/A127691,Long,TRUE,Janet Nakamarra Long,https://www.austlit.edu.au/austlit/page/A127691,Exact match,Long,Long
Keith Looby,Keith Looby,https://www.austlit.edu.au/austlit/page/A51604,Keith Looby,https://www.austlit.edu.au/austlit/page/A51604,Looby,TRUE,Keith Looby,https://www.austlit.edu.au/austlit/page/A51604,Exact match,Looby,Looby
Lucy Nungurrayai Loomoo,No Result Found,,No Result Found,,Loomoo,TRUE,No Result Found,,No match,Found,Found
Margaret Lord,Constance Mary Le Plastrier,https://www.austlit.edu.au/austlit/page/A44341,Tess Stroud,https://www.austlit.edu.au/austlit/page/A30930,Lord,TRUE,,,"No match, but related record",Plastrier,Stroud
Tommy Tjapaltjarri Lowry,No Result Found,,No Result Found,,Lowry,TRUE,No Result Found,,No match,Found,Found
Shorty Tjungarrayi Lungkarda,No Result Found,,No Result Found,,Lungkarda,TRUE,No Result Found,,No match,Found,Found
Glen Mackie,Hilary Badger,https://www.austlit.edu.au/austlit/page/A131306,No Result Found,,Mackie,TRUE,,,"No match, but related record",Badger,Found
Chips Mackinolty,Chips Mackinolty,https://www.austlit.edu.au/austlit/page/A14902,Chips Mackinolty,https://www.austlit.edu.au/austlit/page/A14902,Mackinolty,TRUE,Chips Mackinolty,https://www.austlit.edu.au/austlit/page/A14902,Exact match,Mackinolty,Mackinolty
Euan Macleod,Euan Macleod,https://www.austlit.edu.au/austlit/page/13936863,Euan Macleod,https://www.austlit.edu.au/austlit/page/13936863,Macleod,TRUE,Euan Macleod,https://www.austlit.edu.au/austlit/page/13936863,Exact match,Macleod,Macleod
Bea Maddock,Bea Maddock,https://www.austlit.edu.au/austlit/page/A148443,Bea Maddock,https://www.austlit.edu.au/austlit/page/A148443,Maddock,TRUE,Bea Maddock,https://www.austlit.edu.au/austlit/page/A148443,Exact match,Maddock,Maddock
Rosemary Wynnis Madigan,No Result Found,,No Result Found,,Madigan,TRUE,No Result Found,,No match,Found,Found
Guy Maestri,Guy Maestri,https://www.austlit.edu.au/austlit/page/A100312,Guy Maestri,https://www.austlit.edu.au/austlit/page/A100312,Maestri,TRUE,Guy Maestri,https://www.austlit.edu.au/austlit/page/A100312,Exact match,Maestri,Maestri
Marguerite Henriette Mahood,Marguerite Mahood,https://www.austlit.edu.au/austlit/page/A46739,Marguerite Mahood,https://www.austlit.edu.au/austlit/page/A46739,Mahood,TRUE,Marguerite Mahood,https://www.austlit.edu.au/austlit/page/A46739,Exact match,Mahood,Mahood
Hilarie Mais,Hilary M. Barclay,https://www.austlit.edu.au/austlit/page/A45820,Hilary M. Barclay,https://www.austlit.edu.au/austlit/page/A45820,Mais,TRUE,Hilary M. Barclay,https://www.austlit.edu.au/austlit/page/A45820,"No match, but related record",Barclay,Barclay
Dusan Marek,Dusan Marek,https://www.austlit.edu.au/austlit/page/A147904,Dusan Marek,https://www.austlit.edu.au/austlit/page/A147904,Marek,TRUE,Dusan Marek,https://www.austlit.edu.au/austlit/page/A147904,Exact match,Marek,Marek
Patsy Marfura,No Result Found,,No Result Found,,Marfura,TRUE,No Result Found,,No match,Found,Found
Charlie Tjungarrayi Marshall,No Result Found,,No Result Found,,Marshall,TRUE,No Result Found,,No match,Found,Found
Mandy Martin,Mandy Martin,https://www.austlit.edu.au/austlit/page/6889166,Mandy Martin,https://www.austlit.edu.au/austlit/page/6889166,Martin,TRUE,Mandy Martin,https://www.austlit.edu.au/austlit/page/6889166,Exact match,Martin,Martin
Lisa Sorbie Martin,No Result Found,,No Result Found,,Martin,TRUE,No Result Found,,No match,Found,Found
Ricky Maynard,Ricky Maynard,https://www.austlit.edu.au/austlit/page/A122708,Ricky Maynard,https://www.austlit.edu.au/austlit/page/A122708,Maynard,TRUE,Ricky Maynard,https://www.austlit.edu.au/austlit/page/A122708,Exact match,Maynard,Maynard
Christine McCormack,Louise Crane,https://www.austlit.edu.au/austlit/page/A146395,No Result Found,,McCormack,TRUE,,,"No match, but related record",Crane,Found
Colin Tjakamarra McCormack,No Result Found,,No Result Found,,McCormack,TRUE,No Result Found,,No match,Found,Found
David McDiarmid,No Result Found,,No Result Found,,McDiarmid,TRUE,No Result Found,,No match,Found,Found
Erica McGilchrist,No Result Found,,No Result Found,,McGilchrist,TRUE,No Result Found,,No match,Found,Found
Tony McGillick,Tony McGillick,https://www.austlit.edu.au/austlit/page/A131378,Tony McGillick,https://www.austlit.edu.au/austlit/page/A131378,McGillick,TRUE,Tony McGillick,https://www.austlit.edu.au/austlit/page/A131378,Exact match,McGillick,McGillick
Noel Vincent Joseph McKenna,No Result Found,,No Result Found,,McKenna,TRUE,No Result Found,,No match,Found,Found
Queenie McKenzie,Queenie McKenzie,https://www.austlit.edu.au/austlit/page/A121796,Queenie McKenzie,https://www.austlit.edu.au/austlit/page/A121796,McKenzie,TRUE,Queenie McKenzie,https://www.austlit.edu.au/austlit/page/A121796,Exact match,McKenzie,McKenzie
William George McLaren,A. Grenfell Price,https://www.austlit.edu.au/austlit/page/A33451,Jim Gerald,https://www.austlit.edu.au/austlit/page/A97207,McLaren,TRUE,,,"No match, but related record",Price,Gerald
Marie McMahon,Mary McMahon,https://www.austlit.edu.au/austlit/page/A57583,Mary McMahon,https://www.austlit.edu.au/austlit/page/A57583,McMahon,TRUE,Mary McMahon,https://www.austlit.edu.au/austlit/page/A57583,"No match, but related record",McMahon,McMahon
Frank McNamara,Frank McNamara,https://www.austlit.edu.au/austlit/page/A25355,Frank McNamara,https://www.austlit.edu.au/austlit/page/A25355,McNamara,TRUE,Frank McNamara,https://www.austlit.edu.au/austlit/page/A25355,Exact match,McNamara,McNamara
Clement Meadmore,Clement Meadmore,https://www.austlit.edu.au/austlit/page/A60517,Clement Meadmore,https://www.austlit.edu.au/austlit/page/A60517,Meadmore,TRUE,Clement Meadmore,https://www.austlit.edu.au/austlit/page/A60517,Exact match,Meadmore,Meadmore
Muriel Medworth,No Result Found,,No Result Found,,Medworth,TRUE,No Result Found,,No match,Found,Found
Danie Mellor,Danie Mellor,https://www.austlit.edu.au/austlit/page/8839828,Danie Mellor,https://www.austlit.edu.au/austlit/page/8839828,Mellor,TRUE,Danie Mellor,https://www.austlit.edu.au/austlit/page/8839828,Exact match,Mellor,Mellor
Wallankarri Tjakamarra Mick,No Result Found,,No Result Found,,Mick,TRUE,No Result Found,,No match,Found,Found
Patrick Milligan,Desmond Patrick Bryan Milligan,https://www.austlit.edu.au/austlit/page/A134825,Desmond Patrick Bryan Milligan,https://www.austlit.edu.au/austlit/page/A134825,Milligan,TRUE,Desmond Patrick Bryan Milligan,https://www.austlit.edu.au/austlit/page/A134825,Exact match,Milligan,Milligan
Milan Milojevic,No Result Found,,No Result Found,,Milojevic,TRUE,No Result Found,,No match,Found,Found
Tracey Moffat,Marcia Langton,https://www.austlit.edu.au/austlit/page/A71890,Penny McDonald,https://www.austlit.edu.au/austlit/page/A106376,Moffat,TRUE,,,"No match, but related record",Langton,McDonald
Milton Moon,Milton Moon,https://www.austlit.edu.au/austlit/page/A132149,Milton Moon,https://www.austlit.edu.au/austlit/page/A132149,Moon,TRUE,Milton Moon,https://www.austlit.edu.au/austlit/page/A132149,Exact match,Moon,Moon
Archie Moore,Archie Moore,https://www.austlit.edu.au/austlit/page/8905493,Archie Moore,https://www.austlit.edu.au/austlit/page/8905493,Moore,TRUE,Archie Moore,https://www.austlit.edu.au/austlit/page/8905493,Exact match,Moore,Moore
Margaret Morgan,Margaret Morgan,https://www.austlit.edu.au/austlit/page/A13288,Margaret Morgan,https://www.austlit.edu.au/austlit/page/A13288,Morgan,TRUE,Margaret Morgan,https://www.austlit.edu.au/austlit/page/A13288,Exact match,Morgan,Morgan
Rufus Morris,Rufus Morris,https://www.austlit.edu.au/austlit/page/A47140,Rufus Morris,https://www.austlit.edu.au/austlit/page/A47140,Morris,TRUE,Rufus Morris,https://www.austlit.edu.au/austlit/page/A47140,Exact match,Morris,Morris
Bridget Napanangka Mudjidell,No Result Found,,No Result Found,,Mudjidell,TRUE,No Result Found,,No match,Found,Found
Ron Muncaster,No Result Found,,No Result Found,,Muncaster,TRUE,No Result Found,,No match,Found,Found
Arthur James Murch,No Result Found,,No Result Found,,Murch,TRUE,No Result Found,,No match,Found,Found
Katy Mutton,No Result Found,,No Result Found,,Mutton,TRUE,No Result Found,,No match,Found,Found
Clinton Nain,Clinton Nain,https://www.austlit.edu.au/austlit/page/A115489,Clinton Nain,https://www.austlit.edu.au/austlit/page/A115489,Nain,TRUE,Clinton Nain,https://www.austlit.edu.au/austlit/page/A115489,Exact match,Nain,Nain
Willy Nakanbala,No Result Found,,No Result Found,,Nakanbala,TRUE,No Result Found,,No match,Found,Found
Albert Namatjira,Albert Namatjira,https://www.austlit.edu.au/austlit/page/A60225,Albert Namatjira,https://www.austlit.edu.au/austlit/page/A60225,Namatjira,TRUE,Albert Namatjira,https://www.austlit.edu.au/austlit/page/A60225,Exact match,Namatjira,Namatjira
Rosella Namok,No Result Found,,No Result Found,,Namok,TRUE,No Result Found,,No match,Found,Found
Gladys Napanangka,No Result Found,,No Result Found,,Napanangka,TRUE,No Result Found,,No match,Found,Found
Maisie Napangardi,Kajingarra Napangardi,https://www.austlit.edu.au/austlit/page/A113286,Kajingarra Napangardi,https://www.austlit.edu.au/austlit/page/A113286,Napangardi,TRUE,Kajingarra Napangardi,https://www.austlit.edu.au/austlit/page/A113286,"No match, but related record",Napangardi,Napangardi
Pansy Napangati,Margo Stanislawska-Birnberg,https://www.austlit.edu.au/austlit/page/A1393,No Result Found,,Napangati,TRUE,,,"No match, but related record",Stanislawska-Birnberg,Found
Lorna Napurrula,Yulyurlu Lorna Fencer Napurrula,https://www.austlit.edu.au/austlit/page/11980600,Yulyurlu Lorna Fencer Napurrula,https://www.austlit.edu.au/austlit/page/11980600,Napurrula,TRUE,Yulyurlu Lorna Fencer Napurrula,https://www.austlit.edu.au/austlit/page/11980600,Exact match,Napurrula,Napurrula
Molly Napurrula,No Result Found,,No Result Found,,Napurrula,TRUE,No Result Found,,No match,Found,Found
Dell Claire Nash,No Result Found,,No Result Found,,Nash,TRUE,No Result Found,,No match,Found,Found
nan Nell,Patrick V. Ryan,https://www.austlit.edu.au/austlit/page/A127272,Cheer-Oh Girls,https://www.austlit.edu.au/austlit/page/8236161,Nell,TRUE,,,"No match, but related record",Ryan,Girls
Paddy Jupurrurla Nelson,Paddy Jupurrurla Nelson,https://www.austlit.edu.au/austlit/page/A122914,Paddy Jupurrurla Nelson,https://www.austlit.edu.au/austlit/page/A122914,Nelson,TRUE,Paddy Jupurrurla Nelson,https://www.austlit.edu.au/austlit/page/A122914,Exact match,Nelson,Nelson
Frank Bronson Jakamarra Nelson,No Result Found,,No Result Found,,Nelson,TRUE,No Result Found,,No match,Found,Found
Michael Jagamara Nelson,Kirstie Parker,https://www.austlit.edu.au/austlit/page/A64925,No Result Found,,Nelson,TRUE,,,"No match, but related record",Parker,Found
Simeon Nelson,David Batty,https://www.austlit.edu.au/austlit/page/A130357,No Result Found,,Nelson,TRUE,,,"No match, but related record",Batty,Found
Vanila Netto,No Result Found,,No Result Found,,Netto,TRUE,No Result Found,,No match,Found,Found
Ann Foster Newmarch,No Result Found,,No Result Found,,Newmarch,TRUE,No Result Found,,No match,Found,Found
Helmut Newton,Helmut Newton,https://www.austlit.edu.au/austlit/page/A79450,Helmut Newton,https://www.austlit.edu.au/austlit/page/A79450,Newton,TRUE,Helmut Newton,https://www.austlit.edu.au/austlit/page/A79450,Exact match,Newton,Newton
Mandy Nicholson,Mandy Nicholson,https://www.austlit.edu.au/austlit/page/15395708,Mandy Nicholson,https://www.austlit.edu.au/austlit/page/15395708,Nicholson,TRUE,Mandy Nicholson,https://www.austlit.edu.au/austlit/page/15395708,Exact match,Nicholson,Nicholson
Trevor Nickolls,Trevor Nickolls,https://www.austlit.edu.au/austlit/page/A110248,Trevor Nickolls,https://www.austlit.edu.au/austlit/page/A110248,Nickolls,TRUE,Trevor Nickolls,https://www.austlit.edu.au/austlit/page/A110248,Exact match,Nickolls,Nickolls
John Nixon,A. G. Hales,https://www.austlit.edu.au/austlit/page/A3999,Jack Thompson,https://www.austlit.edu.au/austlit/page/A61071,Nixon,TRUE,,,"No match, but related record",Hales,Thompson
Roger Noakes,No Result Found,,No Result Found,,Noakes,TRUE,No Result Found,,No match,Found,Found
Sidney Nolan,Sidney Nolan,https://www.austlit.edu.au/austlit/page/A22981,Sidney Nolan,https://www.austlit.edu.au/austlit/page/A22981,Nolan,TRUE,Sidney Nolan,https://www.austlit.edu.au/austlit/page/A22981,Exact match,Nolan,Nolan
Dinny Tjampitjinpa Nolan,Dinny Nolan Jambijimba,https://www.austlit.edu.au/austlit/page/A122565,Dinny Nolan Jambijimba,https://www.austlit.edu.au/austlit/page/A122565,Nolan,TRUE,Dinny Nolan Jambijimba,https://www.austlit.edu.au/austlit/page/A122565,Exact match,Jambijimba,Jambijimba
Dennis Nona,Dennis Nona,https://www.austlit.edu.au/austlit/page/A70582,Dennis Nona,https://www.austlit.edu.au/austlit/page/A70582,Nona,TRUE,Dennis Nona,https://www.austlit.edu.au/austlit/page/A70582,Exact match,Nona,Nona
Mary Norrie,Burton Graham,https://www.austlit.edu.au/austlit/page/A17558,Barbara Lilek,https://www.austlit.edu.au/austlit/page/A16020,Norrie,TRUE,,,"No match, but related record",Graham,Lilek
Susan Norrie,Helen Carroll,https://www.austlit.edu.au/austlit/page/A153742,No Result Found,,Norrie,TRUE,,,"No match, but related record",Carroll,Found
Muntja Nungurrayai,No Result Found,,No Result Found,,Nungurrayai,TRUE,No Result Found,,No match,Found,Found
Justin O'Brien,Justin O'Brien,https://www.austlit.edu.au/austlit/page/A141766,Justin O'Brien,https://www.austlit.edu.au/austlit/page/A141766,O'Brien,TRUE,Justin O'Brien,https://www.austlit.edu.au/austlit/page/A141766,Exact match,O'Brien,O'Brien
Mel O'Callaghan,No Result Found,,No Result Found,,O'Callaghan,TRUE,No Result Found,,No match,Found,Found
Chris O'Doherty,Chris O'Doherty,https://www.austlit.edu.au/austlit/page/A120603,Chris O'Doherty,https://www.austlit.edu.au/austlit/page/A120603,O'Doherty,TRUE,Chris O'Doherty,https://www.austlit.edu.au/austlit/page/A120603,Exact match,O'Doherty,O'Doherty
Helen Elizabeth Ogilvie,Reg Watson,https://www.austlit.edu.au/austlit/page/A116444,No Result Found,,Ogilvie,TRUE,,,"No match, but related record",Watson,Found
John Olday,No Result Found,,No Result Found,,Olday,TRUE,No Result Found,,No match,Found,Found
David Jupurrurla Oldfield,No Result Found,,No Result Found,,Oldfield,TRUE,No Result Found,,No match,Found,Found
Alan Oldfield,Alan Oldfield,https://www.austlit.edu.au/austlit/page/A139189,Alan Oldfield,https://www.austlit.edu.au/austlit/page/A139189,Oldfield,TRUE,Alan Oldfield,https://www.austlit.edu.au/austlit/page/A139189,Exact match,Oldfield,Oldfield
Margaret Olley,Margaret Olley,https://www.austlit.edu.au/austlit/page/A61472,Margaret Olley,https://www.austlit.edu.au/austlit/page/A61472,Olley,TRUE,Margaret Olley,https://www.austlit.edu.au/austlit/page/A61472,Exact match,Olley,Olley
Patrick Tjungurrayai Olodoodi,No Result Found,,No Result Found,,Olodoodi,TRUE,No Result Found,,No match,Found,Found
John Olsen,John Olsen,https://www.austlit.edu.au/austlit/page/A3132,John Olsen,https://www.austlit.edu.au/austlit/page/A3132,Olsen,TRUE,John Olsen,https://www.austlit.edu.au/austlit/page/A3132,Exact match,Olsen,Olsen
Bill Onus,William Onus,https://www.austlit.edu.au/austlit/page/23287778,William Onus,https://www.austlit.edu.au/austlit/page/23287778,Onus,TRUE,William Onus,https://www.austlit.edu.au/austlit/page/23287778,Exact match,Onus,Onus
Lin Onus,Lin Onus,https://www.austlit.edu.au/austlit/page/A80801,Lin Onus,https://www.austlit.edu.au/austlit/page/A80801,Onus,TRUE,Lin Onus,https://www.austlit.edu.au/austlit/page/A80801,Exact match,Onus,Onus
Deborah Paauwe,Peter Goldsworthy,https://www.austlit.edu.au/austlit/page/A22244,No Result Found,,Paauwe,TRUE,,,"No match, but related record",Goldsworthy,Found
Ewa Pachucka,No Result Found,,No Result Found,,Pachucka,TRUE,No Result Found,,No match,Found,Found
Ethleen Mary Palmer,No Result Found,,No Result Found,,Palmer,TRUE,No Result Found,,No match,Found,Found
Polixeni Papapetrou,Polixeni Papapetrou,https://www.austlit.edu.au/austlit/page/A57703,Polixeni Papapetrou,https://www.austlit.edu.au/austlit/page/A57703,Papapetrou,TRUE,Polixeni Papapetrou,https://www.austlit.edu.au/austlit/page/A57703,Exact match,Papapetrou,Papapetrou
Wendy Paramor,No Result Found,,No Result Found,,Paramor,TRUE,No Result Found,,No match,Found,Found
Frances Belle Parker,Patricia Clarke,https://www.austlit.edu.au/austlit/page/A11460,No Result Found,,Parker,TRUE,,,"No match, but related record",Clarke,Found
Mike Parr,Mike Parr,https://www.austlit.edu.au/austlit/page/A21177,Mike Parr,https://www.austlit.edu.au/austlit/page/A21177,Parr,TRUE,Mike Parr,https://www.austlit.edu.au/austlit/page/A21177,Exact match,Parr,Parr
Paul Partos,Greg Haddrick,https://www.austlit.edu.au/austlit/page/A57677,No Result Found,,Partos,TRUE,,,"No match, but related record",Haddrick,Found
John Passmore,John Passmore,https://www.austlit.edu.au/austlit/page/A94659,John Passmore,https://www.austlit.edu.au/austlit/page/A94659,Passmore,TRUE,John Passmore,https://www.austlit.edu.au/austlit/page/A94659,Exact match,Passmore,Passmore
Freddy Jangala Patrick,No Result Found,,No Result Found,,Patrick,TRUE,No Result Found,,No match,Found,Found
Myra Nungarrayi Patrick,Myra Nungarrayi Patrick,https://www.austlit.edu.au/austlit/page/9036286,Myra Nungarrayi Patrick,https://www.austlit.edu.au/austlit/page/9036286,Patrick,TRUE,Myra Nungarrayi Patrick,https://www.austlit.edu.au/austlit/page/9036286,Exact match,Patrick,Patrick
Patricia Payne,Patricia Payne,https://www.austlit.edu.au/austlit/page/A143587,Patricia Payne,https://www.austlit.edu.au/austlit/page/A143587,Payne,TRUE,Patricia Payne,https://www.austlit.edu.au/austlit/page/A143587,Exact match,Payne,Payne
Timmy Tjapangati Payungka,No Result Found,,No Result Found,,Payungka,TRUE,No Result Found,,No match,Found,Found
John Peart,Christopher Lee,https://www.austlit.edu.au/austlit/page/A35791,No Result Found,,Peart,TRUE,,,"No match, but related record",Lee,Found
John Perceval,John Perceval,https://www.austlit.edu.au/austlit/page/A61224,John Perceval,https://www.austlit.edu.au/austlit/page/A61224,Perceval,TRUE,John Perceval,https://www.austlit.edu.au/austlit/page/A61224,Exact match,Perceval,Perceval
Kathleen Petyarre,Christine Nicholls,https://www.austlit.edu.au/austlit/page/A66178,Kathleen Petyarre,https://www.austlit.edu.au/austlit/page/15296209,Petyarre,TRUE,Kathleen Petyarre,https://www.austlit.edu.au/austlit/page/15296209,Exact match,Nicholls,Petyarre
Gloria Petyarre,Margo Stanislawska-Birnberg,https://www.austlit.edu.au/austlit/page/A1393,No Result Found,,Petyarre,TRUE,,,"No match, but related record",Stanislawska-Birnberg,Found
Debra Phillips,Debra Phillips,https://www.austlit.edu.au/austlit/page/11180222,Debra Phillips,https://www.austlit.edu.au/austlit/page/11180222,Phillips,TRUE,Debra Phillips,https://www.austlit.edu.au/austlit/page/11180222,Exact match,Phillips,Phillips
Long Jack Tjakamarra Phillipus,Long Jack,https://www.austlit.edu.au/austlit/page/A113812,Long Jack,https://www.austlit.edu.au/austlit/page/A113812,Phillipus,TRUE,Long Jack,https://www.austlit.edu.au/austlit/page/A113812,Exact match,Jack,Jack
Frances Phoenix,Frances Russell-Matthews,https://www.austlit.edu.au/austlit/page/A56327,John Knatchbull,https://www.austlit.edu.au/austlit/page/A97136,Phoenix,TRUE,,,"No match, but related record",Russell-Matthews,Knatchbull
Anna Platten,No Result Found,,No Result Found,,Platten,TRUE,No Result Found,,No match,Found,Found
Michelle Nungurrayi Possum,No Result Found,,No Result Found,,Possum,TRUE,No Result Found,,No match,Found,Found
Peter Powditch,Pino Amenta,https://www.austlit.edu.au/austlit/page/A111355,No Result Found,,Powditch,TRUE,,,"No match, but related record",Amenta,Found
Clifton Pugh,Clifton Pugh,https://www.austlit.edu.au/austlit/page/A34505,Clifton Pugh,https://www.austlit.edu.au/austlit/page/A34505,Pugh,TRUE,Clifton Pugh,https://www.austlit.edu.au/austlit/page/A34505,Exact match,Pugh,Pugh
Marisa Purcell,No Result Found,,No Result Found,,Purcell,TRUE,No Result Found,,No match,Found,Found
Peter Purves Smith,No Result Found,,No Result Found,,Purves Smith,TRUE,No Result Found,,No match,Found,Found
Louis Pwerle,No Result Found,,No Result Found,,Pwerle,TRUE,No Result Found,,No match,Found,Found
Angelina Nala Pwerle,No Result Found,,No Result Found,,Pwerle,TRUE,No Result Found,,No match,Found,Found
Jude Rae,No Result Found,,No Result Found,,Rae,TRUE,No Result Found,,No match,Found,Found
Mel Ramsden,No Result Found,,No Result Found,,Ramsden,TRUE,No Result Found,,No match,Found,Found
Henry Hewitt Rayner,No Result Found,,No Result Found,,Rayner,TRUE,No Result Found,,No match,Found,Found
Jacky Redgate,No Result Found,,No Result Found,,Redgate,TRUE,No Result Found,,No match,Found,Found
Norma Redpath,Yvette Holt,https://www.austlit.edu.au/austlit/page/A91429,Yvette Holt,https://www.austlit.edu.au/austlit/page/A91429,Redpath,TRUE,Yvette Holt,https://www.austlit.edu.au/austlit/page/A91429,"No match, but related record",Holt,Holt
Norm Rice,Les Dixon,https://www.austlit.edu.au/austlit/page/A135203,Les Dixon,https://www.austlit.edu.au/austlit/page/A135203,Rice,TRUE,Les Dixon,https://www.austlit.edu.au/austlit/page/A135203,"No match, but related record",Dixon,Dixon
Oliffe Richmond,No Result Found,,No Result Found,,Richmond,TRUE,No Result Found,,No match,Found,Found
Adam Rish,No Result Found,,No Result Found,,Rish,TRUE,No Result Found,,No match,Found,Found
Luke Roberts,Toni Jordan,https://www.austlit.edu.au/austlit/page/A111157,Ru Pullan,https://www.austlit.edu.au/austlit/page/A51212,Roberts,TRUE,,,"No match, but related record",Jordan,Pullan
Neil Roberts,Neil Roberts,https://www.austlit.edu.au/austlit/page/A62615,Neil Roberts,https://www.austlit.edu.au/austlit/page/A62615,Roberts,TRUE,Neil Roberts,https://www.austlit.edu.au/austlit/page/A62615,Exact match,Roberts,Roberts
Lynne Roberts-Goodwin,Dorothy Blewett,https://www.austlit.edu.au/austlit/page/A9840,No Result Found,,Roberts-Goodwin,TRUE,,,"No match, but related record",Blewett,Found
Freda Rhoda Robertshaw,No Result Found,,No Result Found,,Robertshaw,TRUE,No Result Found,,No match,Found,Found
Jimmy Jampijinpa Robertson,No Result Found,,No Result Found,,Robertson,TRUE,No Result Found,,No match,Found,Found
Toni Robertson,John Reeves,https://www.austlit.edu.au/austlit/page/A74562,Walter Stackpool,https://www.austlit.edu.au/austlit/page/A51372,Robertson,TRUE,,,"No match, but related record",Reeves,Stackpool
William Robinson,William Robinson,https://www.austlit.edu.au/austlit/page/A129880,William Robinson,https://www.austlit.edu.au/austlit/page/A129880,Robinson,TRUE,William Robinson,https://www.austlit.edu.au/austlit/page/A129880,Exact match,Robinson,Robinson
Sally Robinson,Robert Caswell,https://www.austlit.edu.au/austlit/page/A18990,Robert Caswell,https://www.austlit.edu.au/austlit/page/A18990,Robinson,TRUE,Robert Caswell,https://www.austlit.edu.au/austlit/page/A18990,"No match, but related record",Caswell,Caswell
Lisa Roet,No Result Found,,No Result Found,,Roet,TRUE,No Result Found,,No match,Found,Found
Kate Rohde,Kate Brooke,https://www.austlit.edu.au/austlit/page/A103778,No Result Found,,Rohde,TRUE,,,"No match, but related record",Brooke,Found
Robert Rooney,Robert Rooney,https://www.austlit.edu.au/austlit/page/A63373,Robert Rooney,https://www.austlit.edu.au/austlit/page/A63373,Rooney,TRUE,Robert Rooney,https://www.austlit.edu.au/austlit/page/A63373,Exact match,Rooney,Rooney
Peter Jangala Ross,No Result Found,,No Result Found,,Ross,TRUE,No Result Found,,No match,Found,Found
Julie Rrap,No Result Found,,No Result Found,,Rrap,TRUE,No Result Found,,No match,Found,Found
Peter Rushforth,No Result Found,,No Result Found,,Rushforth,TRUE,No Result Found,,No match,Found,Found
Steven Russell,Ian Irvine,https://www.austlit.edu.au/austlit/page/A27944,Russell McDougall,https://www.austlit.edu.au/austlit/page/A11370,Russell,TRUE,,,"No match, but related record",Irvine,McDougall
Henry Salkauskas,Louis Kahan,https://www.austlit.edu.au/austlit/page/A61418,No Result Found,,Salkauskas,TRUE,,,"No match, but related record",Kahan,Found
William Sandy,Lindsay William Sandy,https://www.austlit.edu.au/austlit/page/9116641,Lindsay William Sandy,https://www.austlit.edu.au/austlit/page/9116641,Sandy,TRUE,Lindsay William Sandy,https://www.austlit.edu.au/austlit/page/9116641,"No match, but related record",Sandy,Sandy
Kathleen Margaret Sauerbier,No Result Found,,No Result Found,,Sauerbier,TRUE,No Result Found,,No match,Found,Found
Bessie Vaughan Saunders,No Result Found,,No Result Found,,Saunders,TRUE,No Result Found,,No match,Found,Found
Yhonnie Scarce,Yhonnie Scarce,https://www.austlit.edu.au/austlit/page/8840549,Yhonnie Scarce,https://www.austlit.edu.au/austlit/page/8840549,Scarce,TRUE,Yhonnie Scarce,https://www.austlit.edu.au/austlit/page/8840549,Exact match,Scarce,Scarce
Karin Schepers,No Result Found,,No Result Found,,Schepers,TRUE,No Result Found,,No match,Found,Found
Johnny Tjapanangka Scobie,No Result Found,,No Result Found,,Scobie,TRUE,No Result Found,,No match,Found,Found
Ken Searle,Ken Searle,https://www.austlit.edu.au/austlit/page/A51769,Ken Searle,https://www.austlit.edu.au/austlit/page/A51769,Searle,TRUE,Ken Searle,https://www.austlit.edu.au/austlit/page/A51769,Exact match,Searle,Searle
Udo Sellbach,Udo Sellbach,https://www.austlit.edu.au/austlit/page/A24153,Udo Sellbach,https://www.austlit.edu.au/austlit/page/A24153,Sellbach,TRUE,Udo Sellbach,https://www.austlit.edu.au/austlit/page/A24153,Exact match,Sellbach,Sellbach
Jan Feliks Senbergs,No Result Found,,No Result Found,,Senbergs,TRUE,No Result Found,,No match,Found,Found
Alexander Seton,E. V. Timms,https://www.austlit.edu.au/austlit/page/A19375,No Result Found,,Seton,TRUE,,,"No match, but related record",Timms,Found
Martin Sharp,Joyce Morgan,https://www.austlit.edu.au/austlit/page/A30558,Martin Sharp,https://www.austlit.edu.au/austlit/page/10406766,Sharp,TRUE,Martin Sharp,https://www.austlit.edu.au/austlit/page/10406766,Exact match,Morgan,Sharp
Marina Philomena Shaw,No Result Found,,No Result Found,,Shaw,TRUE,No Result Found,,No match,Found,Found
Rod Shaw,Roderick Malcolm Shaw,https://www.austlit.edu.au/austlit/page/A22325,Roderick Malcolm Shaw,https://www.austlit.edu.au/austlit/page/A22325,Shaw,TRUE,Roderick Malcolm Shaw,https://www.austlit.edu.au/austlit/page/A22325,Exact match,Shaw,Shaw
Garry Shead,Garry Shead,https://www.austlit.edu.au/austlit/page/A27734,Garry Shead,https://www.austlit.edu.au/austlit/page/A27734,Shead,TRUE,Garry Shead,https://www.austlit.edu.au/austlit/page/A27734,Exact match,Shead,Shead
Dorothy Short,Dorothy Walker,https://www.austlit.edu.au/austlit/page/10677108,Edward Dyson,https://www.austlit.edu.au/austlit/page/A2414,Short,TRUE,,,"No match, but related record",Walker,Dyson
Paddy Japaljarri Sims,Paddy Japaljarri Sims,https://www.austlit.edu.au/austlit/page/A106322,Paddy Japaljarri Sims,https://www.austlit.edu.au/austlit/page/A106322,Sims,TRUE,Paddy Japaljarri Sims,https://www.austlit.edu.au/austlit/page/A106322,Exact match,Sims,Sims
Bessie Nakamarra Sims,No Result Found,,No Result Found,,Sims,TRUE,No Result Found,,No match,Found,Found
Darren Siwes,No Result Found,,No Result Found,,Siwes,TRUE,No Result Found,,No match,Found,Found
Jeffrey Smart,Jeffrey Smart,https://www.austlit.edu.au/austlit/page/A61131,Jeffrey Smart,https://www.austlit.edu.au/austlit/page/A61131,Smart,TRUE,Jeffrey Smart,https://www.austlit.edu.au/austlit/page/A61131,Exact match,Smart,Smart
Sally Smart,Adrian Rawlins,https://www.austlit.edu.au/austlit/page/A210,No Result Found,,Smart,TRUE,,,"No match, but related record",Rawlins,Found
Joshua Smith,Joshua Smith,https://www.austlit.edu.au/austlit/page/14736984,Joshua Smith,https://www.austlit.edu.au/austlit/page/14736984,Smith,TRUE,Joshua Smith,https://www.austlit.edu.au/austlit/page/14736984,Exact match,Smith,Smith
Sam Smith,Smith Sam,https://www.austlit.edu.au/austlit/page/A111421,Smith Sam,https://www.austlit.edu.au/austlit/page/A111421,Smith,TRUE,Smith Sam,https://www.austlit.edu.au/austlit/page/A111421,"No match, but related record",Sam,Sam
Lance Vaiben Solomon,No Result Found,,No Result Found,,Solomon,TRUE,No Result Found,,No match,Found,Found
Bill Spencer,Henry Lawson,https://www.austlit.edu.au/austlit/page/A12465,Raymond Longford,https://www.austlit.edu.au/austlit/page/A61780,Spencer,TRUE,,,"No match, but related record",Lawson,Longford
Larry Jungarrayi Spencer,No Result Found,,No Result Found,,Spencer,TRUE,No Result Found,,No match,Found,Found
John Henry Spooner,No Result Found,,No Result Found,,Spooner,TRUE,No Result Found,,No match,Found,Found
Wes Stacey,Wes Stacey,https://www.austlit.edu.au/austlit/page/A115258,Wes Stacey,https://www.austlit.edu.au/austlit/page/A115258,Stacey,TRUE,Wes Stacey,https://www.austlit.edu.au/austlit/page/A115258,Exact match,Stacey,Stacey
nan Stelarc,No Result Found,,No Result Found,,Stelarc,TRUE,No Result Found,,No match,Found,Found
Billy Stockman,Margo Stanislawska-Birnberg,https://www.austlit.edu.au/austlit/page/A1393,Billy Stockman Tjapaltjarri,https://www.austlit.edu.au/austlit/page/A112508,Stockman,TRUE,,,"No match, but related record",Stanislawska-Birnberg,Tjapaltjarri
Constance Stokes,Lucilla Wyborn D'Abrera,https://www.austlit.edu.au/austlit/page/9137577,Constance Stokes,https://www.austlit.edu.au/austlit/page/9137625,Stokes,TRUE,Constance Stokes,https://www.austlit.edu.au/austlit/page/9137625,Exact match,D'Abrera,Stokes
Tim Storrier,Tim Storrier,https://www.austlit.edu.au/austlit/page/8604499,Tim Storrier,https://www.austlit.edu.au/austlit/page/8604499,Storrier,TRUE,Tim Storrier,https://www.austlit.edu.au/austlit/page/8604499,Exact match,Storrier,Storrier
David Strachan,Daniel Thomas,https://www.austlit.edu.au/austlit/page/A34009,David Strachan,https://www.austlit.edu.au/austlit/page/A137952,Strachan,TRUE,David Strachan,https://www.austlit.edu.au/austlit/page/A137952,Exact match,Thomas,Strachan
Mark Strizic,No Result Found,,No Result Found,,Strizic,TRUE,No Result Found,,No match,Found,Found
Maurice Claude Stubbs,No Result Found,,No Result Found,,Stubbs,TRUE,No Result Found,,No match,Found,Found
Joseph Szabo,No Result Found,,No Result Found,,Szabo,TRUE,No Result Found,,No match,Found,Found
Ron Tandberg,Barney Zwartz,https://www.austlit.edu.au/austlit/page/A119297,No Result Found,,Tandberg,TRUE,,,"No match, but related record",Zwartz,Found
Edwin Russell Tanner,No Result Found,,No Result Found,,Tanner,TRUE,No Result Found,,No match,Found,Found
Nyuwara Tapaya,No Result Found,,No Result Found,,Tapaya,TRUE,No Result Found,,No match,Found,Found
Howard Taylor,Lucy Howard-Taylor,https://www.austlit.edu.au/austlit/page/A117984,Lucy Howard-Taylor,https://www.austlit.edu.au/austlit/page/A117984,Taylor,TRUE,Lucy Howard-Taylor,https://www.austlit.edu.au/austlit/page/A117984,"No match, but related record",Howard-Taylor,Howard-Taylor
Michael Taylor,Michael Taylor,https://www.austlit.edu.au/austlit/page/A115160,Michael Taylor,https://www.austlit.edu.au/austlit/page/A115160,Taylor,TRUE,Michael Taylor,https://www.austlit.edu.au/austlit/page/A115160,Exact match,Taylor,Taylor
Graham Taylor,Graham Taylor,https://www.austlit.edu.au/austlit/page/A151341,Graham Taylor,https://www.austlit.edu.au/austlit/page/A151341,Taylor,TRUE,Graham Taylor,https://www.austlit.edu.au/austlit/page/A151341,Exact match,Taylor,Taylor
Wendy Teakel,No Result Found,,No Result Found,,Teakel,TRUE,No Result Found,,No match,Found,Found
Arleen TextaQueen,No Result Found,,No Result Found,,TextaQueen,TRUE,No Result Found,,No match,Found,Found
Ken Thaiday,Ken Thaiday Snr,https://www.austlit.edu.au/austlit/page/8928634,Ken Thaiday Snr,https://www.austlit.edu.au/austlit/page/8928634,Thaiday,TRUE,Ken Thaiday Snr,https://www.austlit.edu.au/austlit/page/8928634,Exact match,Snr,Snr
Eric Thake,Louis Kahan,https://www.austlit.edu.au/austlit/page/A61418,No Result Found,,Thake,TRUE,,,"No match, but related record",Kahan,Found
nan Thanakupi,No Result Found,,No Result Found,,Thanakupi,TRUE,No Result Found,,No match,Found,Found
Rover Thomas,Adam Fiala,https://www.austlit.edu.au/austlit/page/9037721,Queenie McKenzie,https://www.austlit.edu.au/austlit/page/A121796,Thomas,TRUE,,,"No match, but related record",Fiala,McKenzie
Christian Thompson,Christian Thompson,https://www.austlit.edu.au/austlit/page/8928647,Christian Thompson,https://www.austlit.edu.au/austlit/page/8928647,Thompson,TRUE,Christian Thompson,https://www.austlit.edu.au/austlit/page/8928647,Exact match,Thompson,Thompson
Dorothy Thornhill,Vera Newsom,https://www.austlit.edu.au/austlit/page/A20748,No Result Found,,Thornhill,TRUE,,,"No match, but related record",Newsom,Found
Imants Tillers,Imants Tillers,https://www.austlit.edu.au/austlit/page/A13984,Imants Tillers,https://www.austlit.edu.au/austlit/page/A13984,Tillers,TRUE,Imants Tillers,https://www.austlit.edu.au/austlit/page/A13984,Exact match,Tillers,Tillers
Esme Timbery,No Result Found,,No Result Found,,Timbery,TRUE,No Result Found,,No match,Found,Found
Freddie Timms,Quentin Sprague,https://www.austlit.edu.au/austlit/page/8416316,No Result Found,,Timms,TRUE,,,"No match, but related record",Sprague,Found
Richard Kelly Tipping,Richard Tipping,https://www.austlit.edu.au/austlit/page/A3864,Richard Tipping,https://www.austlit.edu.au/austlit/page/A3864,Tipping,TRUE,Richard Tipping,https://www.austlit.edu.au/austlit/page/A3864,Exact match,Tipping,Tipping
Jacky Tjakamarra,No Result Found,,No Result Found,,Tjakamarra,TRUE,No Result Found,,No match,Found,Found
Walter Tjampitjinpa,No Result Found,,No Result Found,,Tjampitjinpa,TRUE,No Result Found,,No match,Found,Found
Kaapa Tjampitjinpa,No Result Found,,No Result Found,,Tjampitjinpa,TRUE,No Result Found,,No match,Found,Found
Ronnie Tjampitjinpa,No Result Found,,No Result Found,,Tjampitjinpa,TRUE,No Result Found,,No match,Found,Found
Uta Uta Tjangala,No Result Found,,No Result Found,,Tjangala,TRUE,No Result Found,,No match,Found,Found
Clifford Possum Tjapaltjarri,Vivien Johnson,https://www.austlit.edu.au/austlit/page/A115117,Clifford Possum Tjapaltjarri,https://www.austlit.edu.au/austlit/page/A115116,Tjapaltjarri,TRUE,Clifford Possum Tjapaltjarri,https://www.austlit.edu.au/austlit/page/A115116,Exact match,Johnson,Tjapaltjarri
Theo Brown Tjapaltjarri,No Result Found,,No Result Found,,Tjapaltjarri,TRUE,No Result Found,,No match,Found,Found
Kanya Tjapangati,No Result Found,,No Result Found,,Tjapangati,TRUE,No Result Found,,No match,Found,Found
Brandy Tjungurrayai,No Result Found,,No Result Found,,Tjungurrayai,TRUE,No Result Found,,No match,Found,Found
Yala Yala Tjungurrayi,No Result Found,,No Result Found,,Tjungurrayi,TRUE,No Result Found,,No match,Found,Found
Aida Tomescu,No Result Found,,No Result Found,,Tomescu,TRUE,No Result Found,,No match,Found,Found
Peter Travis,Peter Yaxley,https://www.austlit.edu.au/austlit/page/6383700,Peter Earsman,https://www.austlit.edu.au/austlit/page/A4271,Travis,TRUE,,,"No match, but related record",Yaxley,Earsman
Ellen Trevorrow,Ellen Trevorrow,https://www.austlit.edu.au/austlit/page/A119931,Ellen Trevorrow,https://www.austlit.edu.au/austlit/page/A119931,Trevorrow,TRUE,Ellen Trevorrow,https://www.austlit.edu.au/austlit/page/A119931,Exact match,Trevorrow,Trevorrow
Albert Tucker,Albert Tucker,https://www.austlit.edu.au/austlit/page/A18404,Albert Tucker,https://www.austlit.edu.au/austlit/page/A18404,Tucker,TRUE,Albert Tucker,https://www.austlit.edu.au/austlit/page/A18404,Exact match,Tucker,Tucker
Peter Tully,Peter Kellett,https://www.austlit.edu.au/austlit/page/A146026,Robbie Matthews,https://www.austlit.edu.au/austlit/page/A69110,Tully,TRUE,,,"No match, but related record",Kellett,Matthews
Ken Unsworth,Margaret Bradstock,https://www.austlit.edu.au/austlit/page/A20817,No Result Found,,Unsworth,TRUE,,,"No match, but related record",Bradstock,Found
Rosemary Valadon,No Result Found,,No Result Found,,Valadon,TRUE,No Result Found,,No match,Found,Found
Hossein Valamanesh,Mary Knights,https://www.austlit.edu.au/austlit/page/A148819,Hossein Valamanesh,https://www.austlit.edu.au/austlit/page/A148822,Valamanesh,TRUE,Hossein Valamanesh,https://www.austlit.edu.au/austlit/page/A148822,Exact match,Knights,Valamanesh
Angela Valamanesh,Cath Kenneally,https://www.austlit.edu.au/austlit/page/A33162,Angela Valamanesh,https://www.austlit.edu.au/austlit/page/A128257,Valamanesh,TRUE,Angela Valamanesh,https://www.austlit.edu.au/austlit/page/A128257,Exact match,Kenneally,Valamanesh
Vicki Varvaressos,No Result Found,,No Result Found,,Varvaressos,TRUE,No Result Found,,No match,Found,Found
Rose Vickers,Alan Vickers,https://www.austlit.edu.au/austlit/page/A47981,No Result Found,,Vickers,TRUE,Alan Vickers,https://www.austlit.edu.au/austlit/page/A47981,"No match, but related record",Vickers,Found
Savanhdary Vongpoothorn,Sanhdary Vongpoothorn,https://www.austlit.edu.au/austlit/page/6813802,Sanhdary Vongpoothorn,https://www.austlit.edu.au/austlit/page/6813802,Vongpoothorn,TRUE,Sanhdary Vongpoothorn,https://www.austlit.edu.au/austlit/page/6813802,Exact match,Vongpoothorn,Vongpoothorn
Paddy Fordham Wainburranga,Paddy Fordham Wainburranga,https://www.austlit.edu.au/austlit/page/A106374,Paddy Fordham Wainburranga,https://www.austlit.edu.au/austlit/page/A106374,Wainburranga,TRUE,Paddy Fordham Wainburranga,https://www.austlit.edu.au/austlit/page/A106374,Exact match,Wainburranga,Wainburranga
Ralph Trafford Walker,No Result Found,,No Result Found,,Walker,TRUE,No Result Found,,No match,Found,Found
Edith Wall,Barbara Barnes,https://www.austlit.edu.au/austlit/page/A112648,Barbara Barnes,https://www.austlit.edu.au/austlit/page/A112648,Wall,TRUE,Barbara Barnes,https://www.austlit.edu.au/austlit/page/A112648,"No match, but related record",Barnes,Barnes
Ruth Waller,Ruth Waller,https://www.austlit.edu.au/austlit/page/A71578,Ruth Waller,https://www.austlit.edu.au/austlit/page/A71578,Waller,TRUE,Ruth Waller,https://www.austlit.edu.au/austlit/page/A71578,Exact match,Waller,Waller
Fred Tjungurrayi Ward,No Result Found,,No Result Found,,Ward,TRUE,No Result Found,,No match,Found,Found
Tjapaltjarri Warlimpirrnga,No Result Found,,No Result Found,,Warlimpirrnga,TRUE,No Result Found,,No match,Found,Found
Dick Watkins,Carl Lyon,https://www.austlit.edu.au/austlit/page/A43044,Carl Lyon,https://www.austlit.edu.au/austlit/page/A43044,Watkins,TRUE,Carl Lyon,https://www.austlit.edu.au/austlit/page/A43044,"No match, but related record",Lyon,Lyon
Maggie Napangardi Watson,No Result Found,,No Result Found,,Watson,TRUE,No Result Found,,No match,Found,Found
Tommy Watson,Cameron Nugent,https://www.austlit.edu.au/austlit/page/20715363,No Result Found,,Watson,TRUE,,,"No match, but related record",Nugent,Found
Judy Watson,Judy Watson,https://www.austlit.edu.au/austlit/page/A129259,Judy Watson,https://www.austlit.edu.au/austlit/page/A129259,Watson,TRUE,Judy Watson,https://www.austlit.edu.au/austlit/page/A129259,Exact match,Watson,Watson
Gordon Watt,David Campbell,https://www.austlit.edu.au/austlit/page/A16125,David Campbell,https://www.austlit.edu.au/austlit/page/A16125,Watt,TRUE,David Campbell,https://www.austlit.edu.au/austlit/page/A16125,"No match, but related record",Campbell,Campbell
H. J. Wedge,Harry Wedge,https://www.austlit.edu.au/austlit/page/A115907,Harry Wedge,https://www.austlit.edu.au/austlit/page/A115907,Wedge,TRUE,Harry Wedge,https://www.austlit.edu.au/austlit/page/A115907,Exact match,Wedge,Wedge
Trevor Weekes,Trevor Weekes,https://www.austlit.edu.au/austlit/page/A68207,Trevor Weekes,https://www.austlit.edu.au/austlit/page/A68207,Weekes,TRUE,Trevor Weekes,https://www.austlit.edu.au/austlit/page/A68207,Exact match,Weekes,Weekes
Guan Wei,Emma Thompson,https://www.austlit.edu.au/austlit/page/20998784,No Result Found,,Wei,TRUE,,,"No match, but related record",Thompson,Found
Freddy Tjakamarra West,Leslie A. Schubert,https://www.austlit.edu.au/austlit/page/A14707,Long Jack,https://www.austlit.edu.au/austlit/page/A113812,West,TRUE,,,"No match, but related record",Schubert,Jack
Maggie Napanangka White,No Result Found,,No Result Found,,White,TRUE,No Result Found,,No match,Found,Found
Frank Whitmore,Frank Dalby Davison,https://www.austlit.edu.au/austlit/page/A36657,No Result Found,,Whitmore,TRUE,,,"No match, but related record",Davison,Found
Ben Wickham,Arthur W. Upfield,https://www.austlit.edu.au/austlit/page/A20562,No Result Found,,Wickham,TRUE,,,"No match, but related record",Upfield,Found
Cathy Wilcox,Cathy Wilcox,https://www.austlit.edu.au/austlit/page/A50588,Cathy Wilcox,https://www.austlit.edu.au/austlit/page/A50588,Wilcox,TRUE,Cathy Wilcox,https://www.austlit.edu.au/austlit/page/A50588,Exact match,Wilcox,Wilcox
Fred Williams,Fred Williams,https://www.austlit.edu.au/austlit/page/A60792,Fred Williams,https://www.austlit.edu.au/austlit/page/A60792,Williams,TRUE,Fred Williams,https://www.austlit.edu.au/austlit/page/A60792,Exact match,Williams,Williams
Liz Williamson,David Williamson,https://www.austlit.edu.au/austlit/page/A21523,No Result Found,,Williamson,TRUE,David Williamson,https://www.austlit.edu.au/austlit/page/A21523,"No match, but related record",Williamson,Found
David  Wilson,David Wilson,https://www.austlit.edu.au/austlit/page/A114638,David Wilson,https://www.austlit.edu.au/austlit/page/A114638,Wilson,TRUE,David Wilson,https://www.austlit.edu.au/austlit/page/A114638,Exact match,Wilson,Wilson
Regina Pilawuk Wilson,Regina Pilawuk Wilson,https://www.austlit.edu.au/austlit/page/9118739,Regina Pilawuk Wilson,https://www.austlit.edu.au/austlit/page/9118739,Wilson,TRUE,Regina Pilawuk Wilson,https://www.austlit.edu.au/austlit/page/9118739,Exact match,Wilson,Wilson
Philip Wolfhagen,No Result Found,,No Result Found,,Wolfhagen,TRUE,No Result Found,,No match,Found,Found
John Wolseley,John Wolseley,https://www.austlit.edu.au/austlit/page/A61236,John Wolseley,https://www.austlit.edu.au/austlit/page/A61236,Wolseley,TRUE,John Wolseley,https://www.austlit.edu.au/austlit/page/A61236,Exact match,Wolseley,Wolseley
Margaret Worth,Melanie Milburne,https://www.austlit.edu.au/austlit/page/A98976,Olaf Ruhen,https://www.austlit.edu.au/austlit/page/A9987,Worth,TRUE,,,"No match, but related record",Milburne,Ruhen
Lucy Napanangka Yukenbarri,No Result Found,,No Result Found,,Yukenbarri,TRUE,No Result Found,,No match,Found,Found
Roderick Yunkaporta,No Result Found,,No Result Found,,Yunkaporta,TRUE,No Result Found,,No match,Found,Found
Anne Zahalka,Anne Zahalka,https://www.austlit.edu.au/austlit/page/11632398,Anne Zahalka,https://www.austlit.edu.au/austlit/page/11632398,Zahalka,TRUE,Anne Zahalka,https://www.austlit.edu.au/austlit/page/11632398,Exact match,Zahalka,Zahalka